listing_id,alert_rank,brand,model,year_of_manufacture,engine_cc,transmission,fuel_type,mileage_km,town,listing_date,condition,price,price_median,expected_price_low,expected_price_high,price_deviation_percentage,price_anomaly_direction,price_alert_reason,price_group_count,price_reference_quality,duplicate_record_count,duplicate_record_flag,review_priority
listing_01515,1,MAZDA,DEMIO,2001,1300.0,AUTOMATIC,PETROL,264000.0,WELIMADA,2025-01-18,USED,27.5,9.75,9.75,9.75,182.05128205128204,above_expected_range,above_expected_range; deviation_from_group_median=182.1%,6,medium,1,False,medium
listing_08461,2,TOYOTA,PASSO,2007,1000.0,AUTOMATIC,PETROL,198000.0,KATUNAYAKE,2024-12-30,USED,95.8125,48.0,45.825,49.0,99.609375,above_expected_range,above_expected_range; deviation_from_group_median=99.6%,23,high,1,False,medium
listing_02194,3,MITSUBISHI,LANCER BOX,1983,1400.0,MANUAL,PETROL,462000.0,MINUWANGODA,2025-01-15,USED,17.14910714285714,8.625,7.0625,10.5625,98.8302277432712,above_expected_range,above_expected_range; deviation_from_group_median=98.8%,12,high,2,True,medium
listing_02179,4,MITSUBISHI,LANCER BOX,1983,1400.0,MANUAL,PETROL,462000.0,RATNAPURA,2025-02-04,USED,17.14910714285714,8.625,7.0625,10.5625,98.8302277432712,above_expected_range,above_expected_range; deviation_from_group_median=98.8%,12,high,2,True,medium
listing_02227,5,MITSUBISHI,LANCER BOX,1980,1400.0,MANUAL,PETROL,495000.0,MIRIGAMA,2024-12-13,USED,17.14910714285714,9.1,7.737500000000001,10.0,88.45172684458397,above_expected_range,above_expected_range; deviation_from_group_median=88.5%,12,high,1,False,medium
listing_01508,6,MAZDA,DEMIO,2007,1000.0,AUTOMATIC,PETROL,198000.0,GAMPAHA,2025-02-03,USED,9.95,49.0,47.8375,52.5625,-79.69387755102039,below_expected_range,below_expected_range; deviation_from_group_median=-79.7%,8,medium,1,False,medium
listing_08468,7,TOYOTA,PASSO,2017,1000.0,AUTOMATIC,PETROL,88000.0,GAMPAHA,2024-12-13,USED,18.0,74.5,70.5,77.9,-75.83892617449665,below_expected_range,below_expected_range; deviation_from_group_median=-75.8%,5,medium,1,False,medium
listing_07632,8,TOYOTA,CARINA,1985,1450.0,MANUAL,PETROL,440000.0,MAWANELLA,2025-01-18,USED,18.0,10.25,9.5,11.3125,75.60975609756098,above_expected_range,above_expected_range; deviation_from_group_median=75.6%,5,medium,1,False,medium
listing_02182,9,MITSUBISHI,LANCER BOX,1982,1400.0,MANUAL,PETROL,473000.0,RATNAPURA,2025-02-03,USED,17.14910714285714,9.925,9.4125,10.610714285714288,72.78697373155808,above_expected_range,above_expected_range; deviation_from_group_median=72.8%,8,medium,1,False,medium
listing_08431,10,TOYOTA,PASSO,2007,1339.0,AUTOMATIC,PETROL,198000.0,GAMPAHA,2025-01-31,USED,13.75,48.0,45.825,49.0,-71.35416666666666,below_expected_range,below_expected_range; deviation_from_group_median=-71.4%,23,high,2,True,medium
listing_08417,11,TOYOTA,PASSO,2007,1360.0,AUTOMATIC,PETROL,198000.0,GAMPAHA,2025-02-05,USED,13.75,48.0,45.825,49.0,-71.35416666666666,below_expected_range,below_expected_range; deviation_from_group_median=-71.4%,23,high,2,True,medium
listing_08422,12,TOYOTA,PASSO,2008,1360.0,AUTOMATIC,PETROL,187000.0,GAMPAHA,2025-02-04,USED,13.75,43.325,41.80714285714286,47.5,-68.26312752452395,below_expected_range,below_expected_range; deviation_from_group_median=-68.3%,10,high,1,False,medium
listing_08965,13,TOYOTA,STARLET,1996,1500.0,MANUAL,DIESEL,319000.0,GAMPAHA,2024-12-25,USED,10.5,30.375,28.525,31.75,-65.4320987654321,below_expected_range,below_expected_range; deviation_from_group_median=-65.4%,10,high,1,False,medium
listing_02197,14,MITSUBISHI,LANCER BOX,1980,1400.0,MANUAL,PETROL,495000.0,BORALESGAMUWA,2025-01-11,USED,15.0,9.1,7.737500000000001,10.0,64.83516483516483,above_expected_range,above_expected_range; deviation_from_group_median=64.8%,12,high,1,False,medium
listing_01282,15,HYUNDAI,SONATA,2000,2000.0,AUTOMATIC,PETROL,275000.0,BANDARAGAMA,2024-12-26,USED,6.5,18.4625,18.025,21.9375,-64.79350033852404,below_expected_range,below_expected_range; deviation_from_group_median=-64.8%,6,medium,1,False,medium
listing_05597,16,SUZUKI,SWIFT,2010,1300.0,MANUAL,PETROL,165000.0,KURUNEGALA,2024-12-12,USED,23.0,58.75,48.0,61.875,-60.85106382978723,below_expected_range,below_expected_range; deviation_from_group_median=-60.9%,7,medium,1,False,medium
listing_05457,17,SUZUKI,SWIFT,2007,1500.0,AUTOMATIC,PETROL,198000.0,NEGOMBO,2025-02-05,USED,19.90625,50.5,39.0,51.0,-60.58168316831683,below_expected_range,below_expected_range; deviation_from_group_median=-60.6%,9,medium,2,True,medium
listing_05598,18,SUZUKI,SWIFT,2007,1500.0,AUTOMATIC,PETROL,198000.0,KADUWELA,2024-12-12,USED,19.90625,50.5,39.0,51.0,-60.58168316831683,below_expected_range,below_expected_range; deviation_from_group_median=-60.6%,9,medium,2,True,medium
listing_05555,19,SUZUKI,SWIFT,2008,1300.0,MANUAL,PETROL,187000.0,KANDY,2025-01-03,USED,19.90625,49.5,48.27,52.0,-59.785353535353536,below_expected_range,below_expected_range; deviation_from_group_median=-59.8%,19,high,1,False,medium
listing_01431,20,KIA,RIO,2001,1500.0,AUTOMATIC,PETROL,264000.0,KURUNEGALA,2024-12-05,USED,32.0,20.163888888888888,18.9375,21.125,58.699545391927266,above_expected_range,above_expected_range; deviation_from_group_median=58.7%,10,high,1,False,medium
listing_02509,21,NISSAN,BLUEBIRD,1999,1790.0,AUTOMATIC,PETROL,286000.0,KURUNEGALA,2025-01-20,USED,10.0,23.95,22.0075,23.95,-58.24634655532359,below_expected_range,below_expected_range; deviation_from_group_median=-58.2%,6,medium,1,False,medium
listing_03044,22,NISSAN,LEAF,2015,1500.0,AUTOMATIC,ELECTRIC,110000.0,AVISSAWELLA,2024-12-14,USED,74.23750000000001,48.2,46.85,49.474999999999994,54.01970954356848,above_expected_range,above_expected_range; deviation_from_group_median=54.0%,6,medium,1,False,medium
listing_05482,23,SUZUKI,SWIFT,2003,1360.0,MANUAL,PETROL,242000.0,KANDY,2025-02-02,USED,19.90625,39.625,37.67058823529411,41.0,-49.76340694006309,below_expected_range,below_expected_range; deviation_from_group_median=-49.8%,38,high,3,True,medium
listing_05477,24,SUZUKI,SWIFT,2003,1500.0,MANUAL,PETROL,242000.0,KANDY,2025-02-03,USED,19.90625,39.625,37.67058823529411,41.0,-49.76340694006309,below_expected_range,below_expected_range; deviation_from_group_median=-49.8%,38,high,3,True,medium
listing_05461,25,SUZUKI,SWIFT,2003,1300.0,MANUAL,PETROL,242000.0,KANDY,2025-02-05,USED,19.90625,39.625,37.67058823529411,41.0,-49.76340694006309,below_expected_range,below_expected_range; deviation_from_group_median=-49.8%,38,high,3,True,medium
listing_01308,26,ISUZU,GEMINI,1988,1500.0,MANUAL,DIESEL,407000.0,MINUWANGODA,2025-02-03,USED,3.9,7.66875,7.3375,8.524999999999999,-49.14425427872861,below_expected_range,below_expected_range; deviation_from_group_median=-49.1%,6,medium,1,False,medium
listing_03337,27,NISSAN,PULSAR,1997,1500.0,AUTOMATIC,PETROL,308000.0,MATALE,2025-02-02,USED,13.0,23.93333333333333,23.93333333333333,27.0,-45.68245125348189,below_expected_range,below_expected_range; deviation_from_group_median=-45.7%,9,medium,1,False,medium
listing_02225,28,MITSUBISHI,LANCER BOX,1981,1400.0,MANUAL,PETROL,484000.0,HAMBANTOTA,2024-12-15,USED,6.0,10.9,9.95,11.95,-44.95412844036697,below_expected_range,below_expected_range; deviation_from_group_median=-45.0%,13,high,1,False,medium
listing_01429,29,KIA,RIO,2001,1343.0,MANUAL,PETROL,264000.0,MATUGAMA,2024-12-11,USED,11.706250000000004,20.163888888888888,18.9375,21.125,-41.94448271111721,below_expected_range,below_expected_range; deviation_from_group_median=-41.9%,10,high,1,False,medium
listing_09079,30,TOYOTA,VIOS,2007,1500.0,AUTOMATIC,PETROL,198000.0,BANDARAGAMA,2025-01-17,USED,35.75,61.25,54.975,62.6875,-41.63265306122449,below_expected_range,below_expected_range; deviation_from_group_median=-41.6%,10,high,1,False,medium
listing_02859,31,NISSAN,FB15,2002,1500.0,AUTOMATIC,PETROL,253000.0,NITTAMBUWA,2025-01-22,USED,24.25,40.829166666666666,40.15833333333333,42.925,-40.60618430452087,below_expected_range,below_expected_range; deviation_from_group_median=-40.6%,20,high,1,False,medium
listing_02215,32,MITSUBISHI,LANCER BOX,1981,1400.0,MANUAL,PETROL,484000.0,WELIMADA,2025-01-02,USED,6.6,10.9,9.95,11.95,-39.44954128440368,below_expected_range,below_expected_range; deviation_from_group_median=-39.4%,13,high,1,False,medium
listing_07229,33,TOYOTA,AVANZA,2011,1300.0,MANUAL,PETROL,154000.0,ANURADAPURA,2025-01-07,USED,37.9374875,62.5,59.30625,66.5,-39.30002,below_expected_range,below_expected_range; deviation_from_group_median=-39.3%,7,medium,1,False,medium
listing_08292,34,TOYOTA,DX WAGON,1986,1290.0,MANUAL,PETROL,429000.0,RATNAPURA,2025-01-10,USED,16.5,11.9,11.125,13.25,38.65546218487395,above_expected_range,above_expected_range; deviation_from_group_median=38.7%,7,medium,1,False,medium
listing_05900,35,SUZUKI,WAGON R,2017,1500.0,AUTOMATIC,PETROL,88000.0,COLOMBO,2024-12-10,USED,37.4375,60.64038461538462,60.0,62.975,-38.26308946183364,below_expected_range,below_expected_range; deviation_from_group_median=-38.3%,46,high,1,False,medium
listing_02425,36,NISSAN,B11,1983,1500.0,MANUAL,PETROL,462000.0,MALABE,2025-02-05,USED,9.95,7.21,6.8125,7.4225,38.00277392510401,above_expected_range,above_expected_range; deviation_from_group_median=38.0%,10,high,1,False,medium
listing_08471,37,TOYOTA,PASSO,2007,1000.0,AUTOMATIC,PETROL,198000.0,ANURADAPURA,2024-12-13,USED,66.09473684210526,48.0,45.825,49.0,37.69736842105263,above_expected_range,above_expected_range; deviation_from_group_median=37.7%,23,high,4,True,medium
listing_08425,38,TOYOTA,PASSO,2007,1360.0,AUTOMATIC,PETROL,198000.0,GAMPAHA,2025-02-03,USED,66.09473684210526,48.0,45.825,49.0,37.69736842105263,above_expected_range,above_expected_range; deviation_from_group_median=37.7%,23,high,4,True,medium
listing_08428,39,TOYOTA,PASSO,2007,1000.0,AUTOMATIC,PETROL,198000.0,ANURADAPURA,2025-02-01,USED,66.09473684210526,48.0,45.825,49.0,37.69736842105263,above_expected_range,above_expected_range; deviation_from_group_median=37.7%,23,high,4,True,medium
listing_08437,40,TOYOTA,PASSO,2007,1000.0,AUTOMATIC,PETROL,198000.0,DANKOTUWA,2025-01-11,USED,66.09473684210526,48.0,45.825,49.0,37.69736842105263,above_expected_range,above_expected_range; deviation_from_group_median=37.7%,23,high,4,True,medium
listing_02801,41,NISSAN,FB15,2001,1500.0,AUTOMATIC,PETROL,264000.0,ANURADAPURA,2025-02-04,USED,54.25,39.5,37.25,42.5,37.34177215189873,above_expected_range,above_expected_range; deviation_from_group_median=37.3%,21,high,4,True,medium
listing_02860,42,NISSAN,FB15,2001,1500.0,MANUAL,PETROL,264000.0,WELIMADA,2025-01-21,USED,54.25,39.5,37.25,42.5,37.34177215189873,above_expected_range,above_expected_range; deviation_from_group_median=37.3%,21,high,4,True,medium
listing_02881,43,NISSAN,FB15,2001,1490.0,AUTOMATIC,PETROL,264000.0,KANDY,2024-12-23,USED,54.25,39.5,37.25,42.5,37.34177215189873,above_expected_range,above_expected_range; deviation_from_group_median=37.3%,21,high,4,True,medium
listing_02872,44,NISSAN,FB15,2001,1500.0,AUTOMATIC,PETROL,264000.0,CHILAW,2024-12-29,USED,54.25,39.5,37.25,42.5,37.34177215189873,above_expected_range,above_expected_range; deviation_from_group_median=37.3%,21,high,4,True,medium
listing_06338,45,SUZUKI,WAGON R STINGRAY,2015,650.0,AUTOMATIC,HYBRID,110000.0,KANDANA,2024-12-29,USED,35.46585384146341,55.849999999999994,55.18870967741937,57.0,-36.498023560495234,below_expected_range,below_expected_range; deviation_from_group_median=-36.5%,46,high,1,False,medium
listing_02689,46,NISSAN,FB13,1991,1500.0,MANUAL,PETROL,374000.0,MAWANELLA,2024-12-12,USED,11.4375,17.4,16.6875,18.5,-34.267241379310335,below_expected_range,below_expected_range; deviation_from_group_median=-34.3%,9,medium,1,False,medium
listing_05416,47,SUZUKI,SPACIA CUSTOM,2016,650.0,AUTOMATIC,PETROL,99000.0,HIKKADUWA,2025-01-05,USED,43.625,65.5,62.269642857142856,67.0625,-33.396946564885496,below_expected_range,below_expected_range; deviation_from_group_median=-33.4%,8,medium,1,False,medium
listing_03031,48,NISSAN,LEAF,2014,1500.0,AUTOMATIC,ELECTRIC,121000.0,COLOMBO,2025-01-28,USED,72.0,54.0,49.75,58.0,33.33333333333333,above_expected_range,above_expected_range; deviation_from_group_median=33.3%,9,medium,1,False,medium
listing_07627,49,TOYOTA,CARINA,1997,2000.0,AUTOMATIC,DIESEL,308000.0,KURUNEGALA,2025-02-01,USED,26.0,38.269444444444446,36.0,41.9625,-32.060680844886406,below_expected_range,below_expected_range; deviation_from_group_median=-32.1%,10,high,1,False,medium
listing_02046,50,MICRO,TREND,2010,1000.0,AUTOMATIC,PETROL,165000.0,KOTTAWA,2024-12-29,USED,10.650000000000002,15.6,15.3,17.375,-31.73076923076922,below_expected_range,below_expected_range; deviation_from_group_median=-31.7%,7,medium,1,False,medium
listing_02856,51,NISSAN,FB15,2000,1500.0,AUTOMATIC,PETROL,275000.0,GAMPAHA,2025-01-24,USED,24.25,35.5,35.04761904761905,36.5,-31.690140845070424,below_expected_range,below_expected_range; deviation_from_group_median=-31.7%,26,high,1,False,medium
listing_00944,52,HONDA,GRACE,2016,1500.0,AUTOMATIC,HYBRID,99000.0,NITTAMBUWA,2025-01-06,USED,75.74999999999997,110.0,106.75,113.25,-31.13636363636366,below_expected_range,below_expected_range; deviation_from_group_median=-31.1%,11,high,1,False,medium
listing_03237,53,NISSAN,N16,2002,1498.0,AUTOMATIC,PETROL,253000.0,COLOMBO,2024-12-30,USED,42.9,32.75,32.125,34.875,30.992366412213737,above_expected_range,above_expected_range; deviation_from_group_median=31.0%,6,medium,1,False,medium
listing_08104,54,TOYOTA,COROLLA DX WAGON,1987,1500.0,MANUAL,PETROL,418000.0,NITTAMBUWA,2024-12-11,USED,9.125,13.15,12.7625,14.7,-30.60836501901141,below_expected_range,below_expected_range; deviation_from_group_median=-30.6%,6,medium,1,False,medium
listing_07903,55,TOYOTA,COROLLA 121,2004,1500.0,AUTOMATIC,PETROL,231000.0,GAMPAHA,2024-12-20,USED,70.0,53.6,52.0,58.73571428571429,30.597014925373127,above_expected_range,above_expected_range; deviation_from_group_median=30.6%,8,medium,1,False,medium
listing_05829,56,SUZUKI,WAGON R,2015,650.0,AUTOMATIC,HYBRID,110000.0,RATNAPURA,2025-01-03,USED,37.4375,53.9,52.74666666666667,56.0,-30.542671614100183,below_expected_range,below_expected_range; deviation_from_group_median=-30.5%,19,high,1,False,medium
listing_04070,57,SUZUKI,A-STAR,2011,1000.0,MANUAL,PETROL,154000.0,BADULLA,2025-01-06,USED,26.25,37.75,36.0,42.1375,-30.4635761589404,below_expected_range,below_expected_range; deviation_from_group_median=-30.5%,26,high,2,True,medium
listing_04061,58,SUZUKI,A-STAR,2011,1000.0,MANUAL,PETROL,154000.0,GAMPAHA,2025-01-13,USED,26.25,37.75,36.0,42.1375,-30.4635761589404,below_expected_range,below_expected_range; deviation_from_group_median=-30.5%,26,high,2,True,medium
listing_00182,59,CHERY,QQ,2007,800.0,MANUAL,PETROL,198000.0,POLONNARUWA,2025-01-20,USED,16.75,12.85,12.6,13.825,30.350194552529185,above_expected_range,above_expected_range; deviation_from_group_median=30.4%,11,high,1,False,medium
listing_02706,60,NISSAN,FB14,1996,1500.0,AUTOMATIC,PETROL,319000.0,MIRIGAMA,2025-02-05,USED,33.84375,26.0,24.0,26.75,30.16826923076923,above_expected_range,above_expected_range; deviation_from_group_median=30.2%,21,high,2,True,medium
listing_02724,61,NISSAN,FB14,1996,1970.0,AUTOMATIC,DIESEL,319000.0,MALABE,2025-02-01,USED,33.84375,26.0,24.0,26.75,30.16826923076923,above_expected_range,above_expected_range; deviation_from_group_median=30.2%,21,high,2,True,medium
listing_07901,62,TOYOTA,COROLLA 121,2003,1500.0,AUTOMATIC,PETROL,242000.0,KURUNEGALA,2024-12-24,USED,69.0,53.041666666666664,50.75,53.9375,30.08641005498822,above_expected_range,above_expected_range; deviation_from_group_median=30.1%,8,medium,1,False,medium
listing_00980,63,HONDA,GRACE EX,2016,1500.0,AUTOMATIC,HYBRID,99000.0,KOTTAWA,2025-01-28,USED,75.82500000000002,107.75,103.40795454545456,114.625,-29.62877030162411,below_expected_range,below_expected_range; deviation_from_group_median=-29.6%,12,high,1,False,medium
listing_07667,64,TOYOTA,CARINA,1989,1500.0,MANUAL,PETROL,396000.0,MATARA,2024-12-10,USED,11.3,15.85,15.55,16.7125,-28.706624605678225,below_expected_range,below_expected_range; deviation_from_group_median=-28.7%,6,medium,1,False,medium
listing_05483,65,SUZUKI,SWIFT,2008,1300.0,MANUAL,PETROL,187000.0,MATARA,2025-02-02,USED,37.25,49.5,48.27,52.0,-24.747474747474747,below_expected_range,below_expected_range; deviation_from_group_median=-24.7%,19,high,1,False,medium
listing_02712,66,NISSAN,FB14,1997,2000.0,AUTOMATIC,DIESEL,308000.0,COLOMBO,2025-02-03,USED,33.84375,27.155263157894737,25.6,28.25,24.630535904641924,above_expected_range,above_expected_range; deviation_from_group_median=24.6%,21,high,1,False,medium
listing_02193,67,MITSUBISHI,LANCER BOX,1982,1410.0,MANUAL,PETROL,473000.0,DANKOTUWA,2025-01-17,USED,7.5,9.925,9.4125,10.610714285714288,-24.43324937027708,below_expected_range,below_expected_range; deviation_from_group_median=-24.4%,8,medium,1,False,medium
listing_00173,68,CHERY,QQ,2006,800.0,MANUAL,PETROL,209000.0,KANDY,2025-01-31,USED,8.575000000000001,11.3,11.15,12.25,-24.115044247787605,below_expected_range,below_expected_range; deviation_from_group_median=-24.1%,11,high,1,False,medium
listing_09075,69,TOYOTA,VIOS,2003,1499.0,AUTOMATIC,PETROL,242000.0,VEYANGODA,2025-01-30,USED,35.75,47.0,45.0,48.45,-23.93617021276596,below_expected_range,below_expected_range; deviation_from_group_median=-23.9%,17,high,2,True,medium
listing_09067,70,TOYOTA,VIOS,2003,1490.0,AUTOMATIC,PETROL,242000.0,GAMPAHA,2025-02-03,USED,35.75,47.0,45.0,48.45,-23.93617021276596,below_expected_range,below_expected_range; deviation_from_group_median=-23.9%,17,high,2,True,medium
listing_02433,71,NISSAN,B11,1983,1300.0,MANUAL,PETROL,462000.0,MAHIYANGANAYA,2025-01-15,USED,5.5,7.21,6.8125,7.4225,-23.71705963938974,below_expected_range,below_expected_range; deviation_from_group_median=-23.7%,10,high,1,False,medium
listing_01138,72,HYUNDAI,ACCENT,2000,1490.0,MANUAL,PETROL,275000.0,PADUKKA,2025-01-18,USED,17.549999999999997,23.0,21.9,23.95,-23.695652173913057,below_expected_range,below_expected_range; deviation_from_group_median=-23.7%,13,high,1,False,medium
listing_02738,73,NISSAN,FB14,1995,1500.0,MANUAL,PETROL,330000.0,KURUNEGALA,2025-01-28,USED,25.0,20.25,19.5,21.6875,23.456790123456788,above_expected_range,above_expected_range; deviation_from_group_median=23.5%,8,medium,1,False,medium
listing_02999,74,NISSAN,HB12,1989,1500.0,MANUAL,PETROL,396000.0,MATALE,2024-12-08,USED,13.45,11.0,10.85,11.5375,22.272727272727263,above_expected_range,above_expected_range; deviation_from_group_median=22.3%,5,medium,1,False,medium
listing_05512,75,SUZUKI,SWIFT,2008,1200.0,MANUAL,PETROL,187000.0,GAMPAHA,2025-01-11,USED,38.5,49.5,48.27,52.0,-22.22222222222222,below_expected_range,below_expected_range; deviation_from_group_median=-22.2%,19,high,1,False,medium
listing_07907,76,TOYOTA,COROLLA 121,2005,1500.0,AUTOMATIC,PETROL,220000.0,ANURADAPURA,2024-12-09,USED,71.63392857142856,58.625,56.5,61.105357142857144,22.190070057873868,above_expected_range,above_expected_range; deviation_from_group_median=22.2%,8,medium,1,False,medium
listing_03344,77,NISSAN,PULSAR,1999,1490.0,AUTOMATIC,PETROL,286000.0,KALUTARA,2025-01-31,USED,35.7,29.25,28.75,29.85,22.05128205128206,above_expected_range,above_expected_range; deviation_from_group_median=22.1%,5,medium,1,False,medium
listing_07824,78,TOYOTA,COROLLA 110,1997,1490.0,AUTOMATIC,PETROL,308000.0,HOMAGAMA,2025-01-31,USED,41.75,34.35,33.55,35.375,21.54294032023289,above_expected_range,above_expected_range; deviation_from_group_median=21.5%,6,medium,1,False,medium
listing_02978,79,NISSAN,HB11,1984,1500.0,MANUAL,PETROL,451000.0,KURUNEGALA,2025-01-03,USED,6.1,7.77,7.51,8.15,-21.492921492921493,below_expected_range,below_expected_range; deviation_from_group_median=-21.5%,6,medium,1,False,medium
listing_05440,80,SUZUKI,SPACIA CUSTOM Z,2017,718.0,AUTOMATIC,PETROL,88000.0,COLOMBO,2025-01-07,USED,49.16666666666667,62.43333333333334,61.96666666666667,68.92500000000001,-21.24933262146289,below_expected_range,below_expected_range; deviation_from_group_median=-21.2%,10,high,1,False,medium
listing_02598,81,NISSAN,DAYZ,2015,650.0,AUTOMATIC,PETROL,110000.0,COLOMBO,2024-12-29,USED,71.95833333333334,59.35,58.1875,62.05,21.244032575119363,above_expected_range,above_expected_range; deviation_from_group_median=21.2%,6,medium,1,False,medium
listing_05608,82,SUZUKI,SWIFT,2008,1300.0,AUTOMATIC,PETROL,187000.0,BADULLA,2024-12-06,USED,59.9,49.5,48.27,52.0,21.010101010101007,above_expected_range,above_expected_range; deviation_from_group_median=21.0%,19,high,1,False,medium
listing_01131,83,HYUNDAI,ACCENT,2000,1495.0,AUTOMATIC,PETROL,275000.0,HOMAGAMA,2025-01-31,USED,27.75,23.0,21.9,23.95,20.652173913043477,above_expected_range,above_expected_range; deviation_from_group_median=20.7%,13,high,1,False,medium
listing_07801,84,TOYOTA,COROLLA,1996,1300.0,AUTOMATIC,PETROL,319000.0,EMBILIPITIYA,2024-12-23,USED,23.5,29.6,28.9,31.0,-20.608108108108112,below_expected_range,below_expected_range; deviation_from_group_median=-20.6%,5,medium,1,False,medium
listing_03098,85,NISSAN,MARCH,2002,1740.0,AUTOMATIC,PETROL,253000.0,MINUWANGODA,2024-12-24,USED,35.35,29.35714285714286,28.375,29.5625,20.41362530413624,above_expected_range,above_expected_range; deviation_from_group_median=20.4%,8,medium,1,False,medium
listing_02447,86,NISSAN,B11,1983,1500.0,MANUAL,PETROL,462000.0,BORALESGAMUWA,2024-12-21,USED,5.75,7.21,6.8125,7.4225,-20.249653259361995,below_expected_range,below_expected_range; deviation_from_group_median=-20.2%,10,high,1,False,medium
listing_01219,87,HYUNDAI,EON,2016,800.0,MANUAL,PETROL,99000.0,DOMPE,2025-01-28,USED,27.30357142857144,34.03571428571429,33.121428571428574,36.0,-19.779643231899243,below_expected_range,below_expected_range; deviation_from_group_median=-19.8%,10,high,1,False,medium
listing_01118,88,HYUNDAI,ACCENT,2000,1495.0,MANUAL,PETROL,275000.0,KANDY,2025-02-05,USED,18.5,23.0,21.9,23.95,-19.565217391304348,below_expected_range,below_expected_range; deviation_from_group_median=-19.6%,13,high,1,False,medium
listing_09199,89,TOYOTA,VITZ,2005,1500.0,AUTOMATIC,PETROL,220000.0,EHELIYAGODA,2025-02-01,USED,38.5,47.625,47.5,48.5,-19.160104986876643,below_expected_range,below_expected_range; deviation_from_group_median=-19.2%,6,medium,1,False,medium
listing_01127,90,HYUNDAI,ACCENT,2004,1500.0,MANUAL,PETROL,231000.0,NEGOMBO,2025-02-01,USED,28.75,24.175,21.75,24.5,18.924508790072387,above_expected_range,above_expected_range; deviation_from_group_median=18.9%,5,medium,1,False,medium
listing_06554,91,TATA,INDIGO,2006,1405.0,MANUAL,PETROL,209000.0,ANURADAPURA,2024-12-25,USED,22.0,18.5,17.25,18.5625,18.91891891891892,above_expected_range,above_expected_range; deviation_from_group_median=18.9%,5,medium,1,False,medium
listing_07752,92,TOYOTA,CE110,1997,1234.0,AUTOMATIC,DIESEL,308000.0,BERUWALA,2024-12-10,USED,23.25,28.625,27.69821428571429,30.2625,-18.777292576419217,below_expected_range,below_expected_range; deviation_from_group_median=-18.8%,8,medium,1,False,medium
listing_08006,93,TOYOTA,COROLLA AE100,1993,1300.0,MANUAL,PETROL,352000.0,RAGAMA,2025-01-31,USED,19.5,24.0,23.8125,24.375,-18.75,below_expected_range,below_expected_range; deviation_from_group_median=-18.8%,6,medium,1,False,medium
listing_00518,94,HONDA,CIVIC EK3,1998,1500.0,AUTOMATIC,PETROL,297000.0,POLGAHAWELA,2025-01-02,USED,29.9125,36.8,35.0,37.5,-18.71603260869564,below_expected_range,below_expected_range; deviation_from_group_median=-18.7%,5,medium,1,False,medium
listing_01543,95,MAZDA,DEMIO,2009,1340.0,AUTOMATIC,PETROL,176000.0,NAWALA,2024-12-07,USED,58.75,49.5,48.5,50.25,18.68686868686869,above_expected_range,above_expected_range; deviation_from_group_median=18.7%,5,medium,1,False,medium
listing_08390,96,TOYOTA,KE72,1984,1300.0,MANUAL,PETROL,451000.0,GAMPAHA,2025-02-03,USED,11.5,9.7,9.7,9.7,18.556701030927844,above_expected_range,above_expected_range; deviation_from_group_median=18.6%,5,medium,1,False,medium
listing_08396,97,TOYOTA,KE72,1984,1300.0,MANUAL,PETROL,451000.0,MATALE,2024-12-17,USED,7.9,9.7,9.7,9.7,-18.556701030927822,below_expected_range,below_expected_range; deviation_from_group_median=-18.6%,5,medium,1,False,medium
listing_08028,98,TOYOTA,COROLLA AE110,1997,1500.0,AUTOMATIC,PETROL,308000.0,MONERAGALA,2025-02-05,USED,31.75,38.95,37.425,39.25,-18.485237483953792,below_expected_range,below_expected_range; deviation_from_group_median=-18.5%,5,medium,1,False,medium
listing_05715,99,SUZUKI,WAGON R,2017,650.0,AUTOMATIC,PETROL,88000.0,COLOMBO,2025-02-05,USED,71.75,60.64038461538462,60.0,62.975,18.32048964576792,above_expected_range,above_expected_range; deviation_from_group_median=18.3%,46,high,1,False,medium
listing_07630,100,TOYOTA,CARINA,1989,1500.0,MANUAL,PETROL,396000.0,POLONNARUWA,2025-01-31,NEW,18.75,15.85,15.55,16.7125,18.296529968454266,above_expected_range,above_expected_range; deviation_from_group_median=18.3%,6,medium,1,False,medium
listing_07808,101,TOYOTA,COROLLA,1996,1970.0,AUTOMATIC,DIESEL,319000.0,GANEMULLA,2024-12-16,USED,35.0,29.6,28.9,31.0,18.24324324324324,above_expected_range,above_expected_range; deviation_from_group_median=18.2%,5,medium,1,False,medium
listing_05589,102,SUZUKI,SWIFT,2008,1300.0,AUTOMATIC,PETROL,187000.0,COLOMBO,2024-12-17,USED,58.5,49.5,48.27,52.0,18.181818181818183,above_expected_range,above_expected_range; deviation_from_group_median=18.2%,19,high,1,False,medium
listing_03220,103,NISSAN,N16,2000,1300.0,MANUAL,PETROL,275000.0,BANDARAGAMA,2025-01-29,USED,28.75,35.063636363636355,34.75,36.5,-18.006222452683414,below_expected_range,below_expected_range; deviation_from_group_median=-18.0%,13,high,1,False,medium
listing_05419,104,SUZUKI,SPACIA CUSTOM,2018,650.0,AUTOMATIC,HYBRID,77000.0,GALLE,2025-01-25,USED,67.0,81.0,79.23214285714286,82.625,-17.28395061728395,below_expected_range,below_expected_range; deviation_from_group_median=-17.3%,8,medium,1,False,medium
listing_09758,105,ZOTYE,Z100,2017,1300.0,MANUAL,PETROL,88000.0,GAMPAHA,2025-01-14,USED,22.8125,27.5,26.75,27.75,-17.045454545454543,below_expected_range,below_expected_range; deviation_from_group_median=-17.0%,10,high,1,False,medium
listing_03247,106,NISSAN,N16,2001,1500.0,AUTOMATIC,PETROL,264000.0,ANURADAPURA,2024-12-07,USED,45.0,38.53,38.0,38.715,16.79211004412146,above_expected_range,above_expected_range; deviation_from_group_median=16.8%,7,medium,1,False,medium
listing_01025,107,HONDA,INSIGHT,2009,1350.0,AUTOMATIC,HYBRID,176000.0,RATNAPURA,2025-02-02,USED,81.0,69.5,69.5,70.03181818181818,16.546762589928058,above_expected_range,above_expected_range; deviation_from_group_median=16.5%,13,high,1,False,medium
listing_07826,108,TOYOTA,COROLLA 110,1997,1970.0,AUTOMATIC,DIESEL,308000.0,MALABE,2025-01-28,USED,28.9,34.35,33.55,35.375,-15.866084425036398,below_expected_range,below_expected_range; deviation_from_group_median=-15.9%,6,medium,1,False,medium
listing_08912,109,TOYOTA,SOLUNA,2001,1500.0,MANUAL,PETROL,264000.0,KELANIYA,2025-01-03,USED,23.9,28.4,28.2775,29.4375,-15.845070422535212,below_expected_range,below_expected_range; deviation_from_group_median=-15.8%,6,medium,1,False,medium
listing_07877,110,TOYOTA,COROLLA 121,2002,1500.0,AUTOMATIC,PETROL,253000.0,PILIYANDALA,2025-01-14,USED,49.75,59.0,56.625,60.125,-15.677966101694915,below_expected_range,below_expected_range; deviation_from_group_median=-15.7%,8,medium,1,False,medium
listing_05724,111,SUZUKI,WAGON R,2017,768.0,AUTOMATIC,PETROL,88000.0,GAMPAHA,2025-02-04,USED,70.0,60.64038461538462,60.0,62.975,15.43462404465163,above_expected_range,above_expected_range; deviation_from_group_median=15.4%,46,high,1,False,medium
listing_01903,112,MICRO,PANDA,2012,1000.0,MANUAL,PETROL,143000.0,COLOMBO,2025-01-09,USED,19.2,22.7,22.24285714285714,22.95,-15.418502202643172,below_expected_range,below_expected_range; deviation_from_group_median=-15.4%,9,medium,1,False,medium
listing_03849,113,PERODUA,VIVA ELITE,2008,1000.0,AUTOMATIC,PETROL,187000.0,NITTAMBUWA,2024-12-17,USED,37.5,32.495000000000005,32.125,34.08642857142857,15.40236959532234,above_expected_range,above_expected_range; deviation_from_group_median=15.4%,8,medium,1,False,medium
listing_02908,114,NISSAN,FB15,2003,1490.0,AUTOMATIC,PETROL,242000.0,BATTICALOA,2024-12-05,USED,50.0,43.34444444444444,42.5,44.75,15.355037169956429,above_expected_range,above_expected_range; deviation_from_group_median=15.4%,25,high,1,False,medium
listing_03085,115,NISSAN,MARCH,2002,1270.0,AUTOMATIC,PETROL,253000.0,KEGALLE,2025-01-16,USED,24.9,29.35714285714286,28.375,29.5625,-15.182481751824833,below_expected_range,below_expected_range; deviation_from_group_median=-15.2%,8,medium,1,False,medium
listing_05189,116,SUZUKI,MARUTI,2010,800.0,MANUAL,PETROL,165000.0,TANGALLE,2024-12-30,USED,16.25,19.134375,18.95,19.5,-15.074309978768571,below_expected_range,below_expected_range; deviation_from_group_median=-15.1%,23,high,1,False,medium
listing_06605,117,TATA,NANO,2016,650.0,AUTOMATIC,PETROL,99000.0,NITTAMBUWA,2024-12-07,USED,21.0,18.258333333333333,17.8,18.5,15.015974440894572,above_expected_range,above_expected_range; deviation_from_group_median=15.0%,9,medium,1,False,medium
listing_03240,118,NISSAN,N16,2001,1300.0,MANUAL,PETROL,264000.0,AVISSAWELLA,2024-12-20,USED,32.75,38.53,38.0,38.715,-15.001297690111604,below_expected_range,below_expected_range; deviation_from_group_median=-15.0%,7,medium,1,False,medium
listing_05071,119,SUZUKI,MARUTI,2010,800.0,MANUAL,PETROL,165000.0,NEGOMBO,2025-01-31,USED,22.0,19.134375,18.95,19.5,14.97631879797486,above_expected_range,above_expected_range; deviation_from_group_median=15.0%,23,high,1,False,medium
listing_04999,120,SUZUKI,HUSTLER,2015,650.0,AUTOMATIC,HYBRID,110000.0,COLOMBO,2025-01-17,USED,69.75,60.8,59.3125,62.4,14.72039473684211,above_expected_range,above_expected_range; deviation_from_group_median=14.7%,6,medium,1,False,medium
listing_02662,121,NISSAN,FB13,1992,1800.0,MANUAL,DIESEL,363000.0,KEGALLE,2025-01-14,USED,15.5,18.174999999999997,17.549999999999997,18.5625,-14.718019257221446,below_expected_range,below_expected_range; deviation_from_group_median=-14.7%,8,medium,1,False,medium
listing_03347,122,NISSAN,PULSAR,1999,1500.0,AUTOMATIC,PETROL,286000.0,KADAWATHA,2025-01-15,USED,24.95,29.25,28.75,29.85,-14.700854700854704,below_expected_range,below_expected_range; deviation_from_group_median=-14.7%,5,medium,1,False,medium
listing_03557,123,NISSAN,TRAD SUNNY,1989,1300.0,MANUAL,PETROL,396000.0,RATNAPURA,2024-12-23,USED,16.3,14.25,14.0,14.304166666666667,14.385964912280707,above_expected_range,above_expected_range; deviation_from_group_median=14.4%,7,medium,1,False,medium
listing_07639,124,TOYOTA,CARINA,1998,1500.0,MANUAL,PETROL,297000.0,MONERAGALA,2025-01-06,USED,43.5,38.04,36.5,38.455,14.35331230283912,above_expected_range,above_expected_range; deviation_from_group_median=14.4%,8,medium,1,False,medium
listing_01386,125,KIA,PICANTO,2016,1000.0,MANUAL,PETROL,99000.0,COLOMBO,2024-12-17,USED,48.5,56.6,54.375,57.9,-14.310954063604242,below_expected_range,below_expected_range; deviation_from_group_median=-14.3%,20,high,1,False,medium
listing_03727,126,PERODUA,VIVA ELITE,2010,850.0,MANUAL,PETROL,165000.0,NITTAMBUWA,2025-02-01,USED,33.25,38.77391304347826,37.6125,40.075,-14.246467817896386,below_expected_range,below_expected_range; deviation_from_group_median=-14.2%,28,high,1,False,medium
listing_05247,127,SUZUKI,MARUTI,2006,800.0,MANUAL,PETROL,209000.0,MIRIGAMA,2024-12-06,USED,19.25,16.87,16.75,16.87,14.10788381742738,above_expected_range,above_expected_range; deviation_from_group_median=14.1%,47,high,1,False,medium
listing_07897,128,TOYOTA,COROLLA 121,2006,1300.0,MANUAL,PETROL,209000.0,GAMPAHA,2024-12-29,USED,52.5,61.1,60.55,63.75,-14.075286415711949,below_expected_range,below_expected_range; deviation_from_group_median=-14.1%,7,medium,1,False,medium
listing_05394,129,SUZUKI,SPACIA,2017,650.0,AUTOMATIC,HYBRID,88000.0,EMBILIPITIYA,2024-12-17,USED,55.9,65.03571428571428,63.9375,67.625,-14.047226798462376,below_expected_range,below_expected_range; deviation_from_group_median=-14.0%,20,high,1,False,medium
listing_05031,130,SUZUKI,MARUTI,2008,800.0,MANUAL,PETROL,187000.0,GAMPAHA,2025-02-05,USED,21.0,18.43125,17.5,18.8375,13.936927772126154,above_expected_range,above_expected_range; deviation_from_group_median=13.9%,12,high,1,False,medium
listing_03218,131,NISSAN,N16,2000,1500.0,AUTOMATIC,PETROL,275000.0,MALABE,2025-02-01,USED,39.95,35.063636363636355,34.75,36.5,13.93570132227123,above_expected_range,above_expected_range; deviation_from_group_median=13.9%,13,high,1,False,medium
listing_01958,132,MICRO,PANDA,2011,1360.0,MANUAL,PETROL,154000.0,KURUNEGALA,2024-12-07,USED,18.5,21.45,20.95,21.75,-13.75291375291375,below_expected_range,below_expected_range; deviation_from_group_median=-13.8%,11,high,1,False,medium
listing_09661,133,TOYOTA,YARIS,2007,1300.0,AUTOMATIC,PETROL,198000.0,PANADURA,2025-01-31,USED,72.92500000000001,64.25,62.0,65.92500000000001,13.501945525291848,above_expected_range,above_expected_range; deviation_from_group_median=13.5%,20,high,4,True,medium
listing_09676,134,TOYOTA,YARIS,2007,1300.0,AUTOMATIC,PETROL,198000.0,KALUTARA,2025-01-06,USED,72.92500000000001,64.25,62.0,65.92500000000001,13.501945525291848,above_expected_range,above_expected_range; deviation_from_group_median=13.5%,20,high,4,True,medium
listing_09687,135,TOYOTA,YARIS,2007,1300.0,AUTOMATIC,PETROL,198000.0,PILIYANDALA,2025-01-04,USED,72.92500000000001,64.25,62.0,65.92500000000001,13.501945525291848,above_expected_range,above_expected_range; deviation_from_group_median=13.5%,20,high,4,True,medium
listing_09697,136,TOYOTA,YARIS,2007,1300.0,AUTOMATIC,PETROL,198000.0,COLOMBO,2024-12-23,USED,72.92500000000001,64.25,62.0,65.92500000000001,13.501945525291848,above_expected_range,above_expected_range; deviation_from_group_median=13.5%,20,high,4,True,medium
listing_03694,137,PERODUA,KENARI,2007,1000.0,AUTOMATIC,PETROL,198000.0,COLOMBO,2025-01-26,USED,28.0,32.285,31.5425,32.9375,-13.272417531361306,below_expected_range,below_expected_range; deviation_from_group_median=-13.3%,6,medium,1,False,medium
listing_02588,138,NISSAN,DAYZ,2015,650.0,AUTOMATIC,PETROL,110000.0,GALLE,2025-02-02,USED,51.5,59.35,58.1875,62.05,-13.226621735467567,below_expected_range,below_expected_range; deviation_from_group_median=-13.2%,6,medium,1,False,medium
listing_03783,139,PERODUA,VIVA ELITE,2013,1000.0,AUTOMATIC,PETROL,132000.0,COLOMBO,2025-01-06,USED,38.0,43.75,42.625,45.25,-13.142857142857142,below_expected_range,below_expected_range; deviation_from_group_median=-13.1%,15,high,1,False,medium
listing_03782,140,PERODUA,VIVA ELITE,2011,1000.0,AUTOMATIC,PETROL,154000.0,COLOMBO,2025-01-07,USED,35.5,40.863135593220335,39.9375,42.25,-13.124630587844903,below_expected_range,below_expected_range; deviation_from_group_median=-13.1%,72,high,1,False,medium
listing_00318,141,DAIHATSU,MIRA,2016,650.0,AUTOMATIC,PETROL,99000.0,KANDY,2024-12-28,USED,61.0,53.9375,52.75,54.46875,13.093858632676708,above_expected_range,above_expected_range; deviation_from_group_median=13.1%,8,medium,1,False,medium
listing_02742,142,NISSAN,FB14,1994,1300.0,MANUAL,PETROL,341000.0,JA-ELA,2025-01-14,USED,19.25,22.15,22.075,23.0,-13.092550790067714,below_expected_range,below_expected_range; deviation_from_group_median=-13.1%,7,medium,1,False,medium
listing_03225,143,NISSAN,N16,2000,1300.0,MANUAL,PETROL,275000.0,KANDY,2025-01-14,USED,30.5,35.063636363636355,34.75,36.5,-13.015296862846752,below_expected_range,below_expected_range; deviation_from_group_median=-13.0%,13,high,1,False,medium
listing_05027,144,SUZUKI,MARUTI,2007,796.0,MANUAL,PETROL,198000.0,COLOMBO,2025-02-05,USED,19.75,17.52105263157895,17.0,17.9,12.7215379993992,above_expected_range,above_expected_range; deviation_from_group_median=12.7%,25,high,1,False,medium
listing_01902,145,MICRO,PANDA,2015,1000.0,MANUAL,PETROL,110000.0,MATARA,2025-01-09,USED,22.75,26.056,25.9,26.65,-12.688056493705869,below_expected_range,below_expected_range; deviation_from_group_median=-12.7%,33,high,1,False,medium
listing_02879,146,NISSAN,FB15,2000,1300.0,AUTOMATIC,PETROL,275000.0,VEYANGODA,2024-12-25,USED,40.0,35.5,35.04761904761905,36.5,12.676056338028168,above_expected_range,above_expected_range; deviation_from_group_median=12.7%,26,high,1,False,medium
listing_05838,147,SUZUKI,WAGON R,2018,650.0,AUTOMATIC,HYBRID,77000.0,KANDY,2024-12-30,USED,60.75,69.56041666666667,69.5,69.56041666666667,-12.665848033783584,below_expected_range,below_expected_range; deviation_from_group_median=-12.7%,47,high,1,False,medium
listing_05076,148,SUZUKI,MARUTI,2011,795.0,MANUAL,PETROL,154000.0,GAMPAHA,2025-01-31,USED,17.5,20.034782608695647,19.5,20.4,-12.651909722222198,below_expected_range,below_expected_range; deviation_from_group_median=-12.7%,37,high,1,False,medium
listing_03166,149,NISSAN,MARCH K11,2000,1000.0,AUTOMATIC,PETROL,275000.0,KEGALLE,2025-01-26,USED,31.5,28.0,27.637500000000003,28.375,12.5,above_expected_range,above_expected_range; deviation_from_group_median=12.5%,18,high,1,False,medium
listing_03146,150,NISSAN,MARCH K11,2000,1000.0,AUTOMATIC,PETROL,275000.0,GALLE,2025-02-02,USED,24.5,28.0,27.637500000000003,28.375,-12.5,below_expected_range,below_expected_range; deviation_from_group_median=-12.5%,18,high,1,False,medium
listing_02887,151,NISSAN,FB15,2003,1500.0,AUTOMATIC,PETROL,242000.0,KULIYAPITIYA,2024-12-20,USED,37.95,43.34444444444444,42.5,44.75,-12.445526788003065,below_expected_range,below_expected_range; deviation_from_group_median=-12.4%,25,high,1,False,medium
listing_01915,152,MICRO,PANDA,2012,1300.0,MANUAL,PETROL,143000.0,GAMPOLA,2025-01-25,USED,19.9,22.7,22.24285714285714,22.95,-12.33480176211454,below_expected_range,below_expected_range; deviation_from_group_median=-12.3%,9,medium,1,False,medium
listing_05101,153,SUZUKI,MARUTI,2005,796.0,MANUAL,PETROL,220000.0,COLOMBO,2025-01-17,USED,18.75,16.691666666666666,16.4,16.875,12.33150274588118,above_expected_range,above_expected_range; deviation_from_group_median=12.3%,23,high,1,False,medium
listing_05214,154,SUZUKI,MARUTI,2011,800.0,MANUAL,PETROL,154000.0,KANDY,2024-12-21,USED,22.5,20.034782608695647,19.5,20.4,12.30468750000003,above_expected_range,above_expected_range; deviation_from_group_median=12.3%,37,high,1,False,medium
listing_07422,155,TOYOTA,AXIO G GRADE,2015,1500.0,AUTOMATIC,HYBRID,110000.0,PILIYANDALA,2025-02-04,USED,98.5,111.93333333333334,111.93333333333334,115.5,-12.001191185229306,below_expected_range,below_expected_range; deviation_from_group_median=-12.0%,15,high,1,False,medium
listing_01037,156,HONDA,INSIGHT,2012,1500.0,AUTOMATIC,HYBRID,143000.0,GAMPAHA,2025-01-27,USED,89.31250000000003,79.75,79.75,81.5,11.990595611285302,above_expected_range,above_expected_range; deviation_from_group_median=12.0%,5,medium,1,False,medium
listing_01938,157,MICRO,PANDA,2013,1000.0,MANUAL,PETROL,132000.0,NEGOMBO,2024-12-28,USED,20.25,23.0,22.85,23.5,-11.956521739130435,below_expected_range,below_expected_range; deviation_from_group_median=-12.0%,15,high,1,False,medium
listing_03725,158,PERODUA,VIVA ELITE,2011,1000.0,MANUAL,PETROL,154000.0,KURUNEGALA,2025-02-02,USED,36.0,40.863135593220335,39.9375,42.25,-11.901033835561032,below_expected_range,below_expected_range; deviation_from_group_median=-11.9%,72,high,1,False,medium
listing_05670,159,SUZUKI,SWIFT RS,2018,1000.0,AUTOMATIC,PETROL,77000.0,COLOMBO,2025-02-05,USED,103.5,92.5,92.4,95.0,11.891891891891891,above_expected_range,above_expected_range; deviation_from_group_median=11.9%,5,medium,1,False,medium
listing_02824,160,NISSAN,FB15,2003,1500.0,AUTOMATIC,PETROL,242000.0,MATARA,2025-01-16,USED,38.25,43.34444444444444,42.5,44.75,-11.753396564983332,below_expected_range,below_expected_range; deviation_from_group_median=-11.8%,25,high,1,False,medium
listing_05531,161,SUZUKI,SWIFT,2009,1240.0,AUTOMATIC,PETROL,176000.0,ANURADAPURA,2025-01-27,USED,49.0,55.5,54.625,57.875,-11.711711711711713,below_expected_range,below_expected_range; deviation_from_group_median=-11.7%,11,high,1,False,medium
listing_05395,162,SUZUKI,SPACIA,2017,650.0,AUTOMATIC,HYBRID,88000.0,KANDY,2024-12-17,USED,57.5,65.03571428571428,63.9375,67.625,-11.5870400878638,below_expected_range,below_expected_range; deviation_from_group_median=-11.6%,20,high,1,False,medium
listing_09660,163,TOYOTA,YARIS,2008,1300.0,AUTOMATIC,PETROL,187000.0,COLOMBO,2025-02-01,USED,72.92500000000001,65.35416666666667,65.0,65.5,11.584316225693348,above_expected_range,above_expected_range; deviation_from_group_median=11.6%,19,high,1,False,medium
listing_04864,164,SUZUKI,CELERIO,2016,1000.0,MANUAL,PETROL,99000.0,MULLAITIVU,2024-12-28,USED,43.0,48.625,47.75,49.875,-11.568123393316196,below_expected_range,below_expected_range; deviation_from_group_median=-11.6%,14,high,1,False,medium
listing_00111,165,BMW,520D,2012,1995.0,AUTOMATIC,DIESEL,143000.0,GAMPAHA,2025-02-05,USED,245.0,220.0,214.0,223.75,11.363636363636363,above_expected_range,above_expected_range; deviation_from_group_median=11.4%,6,medium,1,False,medium
listing_01961,166,MICRO,PANDA,2015,1000.0,MANUAL,PETROL,110000.0,GAMPAHA,2024-12-04,USED,29.0,26.056,25.9,26.65,11.298741172858454,above_expected_range,above_expected_range; deviation_from_group_median=11.3%,33,high,1,False,medium
listing_03784,167,PERODUA,VIVA ELITE,2011,1000.0,AUTOMATIC,PETROL,154000.0,COLOMBO,2025-01-06,USED,36.25,40.863135593220335,39.9375,42.25,-11.289235459419093,below_expected_range,below_expected_range; deviation_from_group_median=-11.3%,72,high,1,False,medium
listing_04228,168,SUZUKI,ALTO,2015,800.0,MANUAL,PETROL,110000.0,GALLE,2025-01-11,USED,36.75,33.02984496124031,32.5,33.5,11.26301090158068,above_expected_range,above_expected_range; deviation_from_group_median=11.3%,161,high,1,False,medium
listing_00971,169,HONDA,GRACE EX,2014,1500.0,AUTOMATIC,HYBRID,121000.0,COLOMBO,2025-02-03,USED,107.5,96.625,96.25,97.9375,11.254851228978008,above_expected_range,above_expected_range; deviation_from_group_median=11.3%,8,medium,1,False,medium
listing_05135,170,SUZUKI,MARUTI,2010,796.0,MANUAL,PETROL,165000.0,KANDY,2025-01-06,USED,17.0,19.134375,18.95,19.5,-11.154662747019428,below_expected_range,below_expected_range; deviation_from_group_median=-11.2%,23,high,1,False,medium
listing_07908,171,TOYOTA,COROLLA 121,2001,1500.0,AUTOMATIC,PETROL,264000.0,TANGALLE,2024-12-09,USED,60.0,54.0,54.0,55.5,11.11111111111111,above_expected_range,above_expected_range; deviation_from_group_median=11.1%,7,medium,1,False,medium
listing_06569,172,TATA,NANO,2016,650.0,MANUAL,PETROL,99000.0,MIRIGAMA,2025-02-04,USED,16.25,18.258333333333333,17.8,18.5,-10.99954358740301,below_expected_range,below_expected_range; deviation_from_group_median=-11.0%,9,medium,1,False,medium
listing_02920,173,NISSAN,FB15 EX SALOON,1999,1500.0,AUTOMATIC,PETROL,286000.0,ANURADAPURA,2025-01-12,USED,38.0,34.25,33.5,34.5,10.948905109489052,above_expected_range,above_expected_range; deviation_from_group_median=10.9%,5,medium,1,False,medium
listing_09435,174,TOYOTA,VITZ,2016,990.0,AUTOMATIC,PETROL,99000.0,COLOMBO,2024-12-17,USED,86.0,77.56627906976743,75.7875,78.63749999999999,10.872921882261243,above_expected_range,above_expected_range; deviation_from_group_median=10.9%,56,high,1,False,medium
listing_01914,175,MICRO,PANDA,2013,990.0,MANUAL,PETROL,132000.0,KURUNEGALA,2025-01-25,USED,25.5,23.0,22.85,23.5,10.869565217391305,above_expected_range,above_expected_range; deviation_from_group_median=10.9%,15,high,1,False,medium
listing_05039,176,SUZUKI,MARUTI,2005,800.0,MANUAL,PETROL,220000.0,RATNAPURA,2025-02-04,USED,18.5,16.691666666666666,16.4,16.875,10.833749375936096,above_expected_range,above_expected_range; deviation_from_group_median=10.8%,23,high,1,False,medium
listing_05049,177,SUZUKI,MARUTI,2011,800.0,MANUAL,PETROL,154000.0,KANDY,2025-02-03,USED,17.9,20.034782608695647,19.5,20.4,-10.655381944444429,below_expected_range,below_expected_range; deviation_from_group_median=-10.7%,37,high,1,False,medium
listing_09134,178,TOYOTA,VITZ,2008,990.0,AUTOMATIC,PETROL,187000.0,DEHIWALA-MOUNT-LAVINIA,2025-02-05,USED,49.5,55.39868421052632,54.975,55.8125,-10.647697313730616,below_expected_range,below_expected_range; deviation_from_group_median=-10.6%,56,high,1,False,medium
listing_00492,179,HONDA,CIVIC,2017,1000.0,AUTOMATIC,PETROL,88000.0,COLOMBO,2025-01-25,USED,120.75,135.0,135.0,138.0,-10.555555555555555,below_expected_range,below_expected_range; deviation_from_group_median=-10.6%,5,medium,1,False,medium
listing_04187,180,SUZUKI,ALTO,2015,800.0,MANUAL,PETROL,110000.0,MATARA,2025-01-29,USED,36.5,33.02984496124031,32.5,33.5,10.50611967095768,above_expected_range,above_expected_range; deviation_from_group_median=10.5%,161,high,1,False,medium
listing_00752,181,HONDA,FIT GP5,2014,1490.0,AUTOMATIC,HYBRID,121000.0,WATTALA,2025-02-03,USED,73.0,81.55384615384615,80.0,83.0,-10.48858705904546,below_expected_range,below_expected_range; deviation_from_group_median=-10.5%,47,high,1,False,medium
listing_05683,182,SUZUKI,SWIFT RS,2017,1300.0,AUTOMATIC,HYBRID,88000.0,KOTTAWA,2024-12-25,USED,96.5,87.375,84.5,88.875,10.44349070100143,above_expected_range,above_expected_range; deviation_from_group_median=10.4%,8,medium,1,False,medium
listing_05046,183,SUZUKI,MARUTI,2005,800.0,MANUAL,PETROL,220000.0,MORATUWA,2025-02-04,USED,14.95,16.691666666666666,16.4,16.875,-10.434348477284075,below_expected_range,below_expected_range; deviation_from_group_median=-10.4%,23,high,2,True,medium
listing_05112,184,SUZUKI,MARUTI,2005,800.0,MANUAL,PETROL,220000.0,EMBILIPITIYA,2025-01-13,USED,14.95,16.691666666666666,16.4,16.875,-10.434348477284075,below_expected_range,below_expected_range; deviation_from_group_median=-10.4%,23,high,2,True,medium
listing_05354,185,SUZUKI,SPACIA,2017,650.0,AUTOMATIC,PETROL,88000.0,PANADURA,2025-02-03,USED,58.25,65.03571428571428,63.9375,67.625,-10.433827567270718,below_expected_range,below_expected_range; deviation_from_group_median=-10.4%,20,high,1,False,medium
listing_00788,186,HONDA,FIT GP5,2014,1495.0,AUTOMATIC,PETROL,121000.0,KANDY,2025-01-23,USED,90.0,81.55384615384615,80.0,83.0,10.35653650254669,above_expected_range,above_expected_range; deviation_from_group_median=10.4%,47,high,1,False,medium
listing_04190,187,SUZUKI,ALTO,2007,800.0,MANUAL,PETROL,198000.0,DIVULAPITIYA,2025-01-29,USED,26.5,24.0195,23.9,24.0195,10.327025958075726,above_expected_range,above_expected_range; deviation_from_group_median=10.3%,19,high,1,False,medium
listing_04854,188,SUZUKI,CELERIO,2014,1000.0,AUTOMATIC,PETROL,121000.0,MORATUWA,2025-01-25,USED,51.75,46.93055555555556,45.1875,47.5,10.269310446877771,above_expected_range,above_expected_range; deviation_from_group_median=10.3%,10,high,1,False,medium
listing_09357,189,TOYOTA,VITZ,2018,1000.0,AUTOMATIC,PETROL,77000.0,AMBALANGODA,2025-01-03,USED,100.0,90.70925925925924,88.875,91.925,10.242328971275771,above_expected_range,above_expected_range; deviation_from_group_median=10.2%,36,high,1,False,medium
listing_09082,190,TOYOTA,VIOS,2004,1500.0,AUTOMATIC,PETROL,231000.0,GAMPAHA,2025-01-16,USED,54.0,49.0,47.875,49.849999999999994,10.20408163265306,above_expected_range,above_expected_range; deviation_from_group_median=10.2%,12,high,1,False,medium
listing_05132,191,SUZUKI,MARUTI,2011,800.0,MANUAL,PETROL,154000.0,DIVULAPITIYA,2025-01-07,USED,18.0,20.034782608695647,19.5,20.4,-10.156249999999975,below_expected_range,below_expected_range; deviation_from_group_median=-10.2%,37,high,1,False,medium
listing_04793,192,SUZUKI,ALTO LXI,2015,800.0,MANUAL,PETROL,110000.0,KANDY,2024-12-05,USED,29.5,32.825,32.4375,33.0625,-10.129474485910135,below_expected_range,below_expected_range; deviation_from_group_median=-10.1%,24,high,1,False,medium
listing_05552,193,SUZUKI,SWIFT,2002,1300.0,AUTOMATIC,PETROL,253000.0,GAMPAHA,2025-01-19,USED,42.0,38.18125,36.75,38.5,10.001636929120972,above_expected_range,above_expected_range; deviation_from_group_median=10.0%,9,medium,1,False,medium
listing_02828,194,NISSAN,FB15,2000,1500.0,MANUAL,PETROL,275000.0,TANGALLE,2025-01-16,USED,31.95,35.5,35.04761904761905,36.5,-10.000000000000002,below_expected_range,below_expected_range; deviation_from_group_median=-10.0%,26,high,1,False,medium
listing_00118,195,BMW,520D,2012,2000.0,AUTOMATIC,DIESEL,143000.0,WATTALA,2025-01-24,USED,198.0,220.0,214.0,223.75,-10.0,below_expected_range,below_expected_range; deviation_from_group_median=-10.0%,6,medium,1,False,medium
listing_00799,196,HONDA,FIT GP5,2014,1500.0,AUTOMATIC,HYBRID,121000.0,KURUNEGALA,2025-01-02,USED,89.7,81.55384615384615,80.0,83.0,9.98868138087154,above_expected_range,above_expected_range; deviation_from_group_median=10.0%,47,high,1,False,medium
listing_09167,197,TOYOTA,VITZ,2017,1000.0,AUTOMATIC,PETROL,88000.0,NUGEGODA,2025-02-03,USED,92.5,84.1,83.75,85.75,9.98810939357908,above_expected_range,above_expected_range; deviation_from_group_median=10.0%,25,high,1,False,medium
listing_04961,198,SUZUKI,ESTILO,2010,999.0,MANUAL,PETROL,165000.0,HORANA,2025-01-14,USED,29.5,32.75,31.9,32.95,-9.923664122137405,below_expected_range,below_expected_range; deviation_from_group_median=-9.9%,25,high,1,False,medium
listing_02846,199,NISSAN,FB15,2000,1500.0,MANUAL,PETROL,275000.0,KURUNEGALA,2025-01-28,USED,39.0,35.5,35.04761904761905,36.5,9.859154929577464,above_expected_range,above_expected_range; deviation_from_group_median=9.9%,26,high,1,False,medium
listing_00599,200,HONDA,FIT,2014,1490.0,AUTOMATIC,HYBRID,121000.0,MIDDENIYA,2024-12-05,USED,87.5,79.65,79.0,80.825,9.855618330194591,above_expected_range,above_expected_range; deviation_from_group_median=9.9%,6,medium,1,False,medium
listing_05720,201,SUZUKI,WAGON R,2018,650.0,AUTOMATIC,PETROL,77000.0,KANDY,2025-02-04,USED,62.75,69.56041666666667,69.5,69.56041666666667,-9.790649615142714,below_expected_range,below_expected_range; deviation_from_group_median=-9.8%,47,high,1,False,medium
listing_06242,202,SUZUKI,WAGON R STINGRAY,2017,650.0,AUTOMATIC,PETROL,88000.0,KANDY,2025-01-17,USED,75.0,68.31290322580645,67.0,68.75,9.788921943618076,above_expected_range,above_expected_range; deviation_from_group_median=9.8%,49,high,1,False,medium
listing_09460,203,TOYOTA,VITZ,2008,1300.0,AUTOMATIC,PETROL,187000.0,WENNAPPUWA,2024-12-10,NEW,60.8,55.39868421052632,54.975,55.8125,9.749899057074304,above_expected_range,above_expected_range; deviation_from_group_median=9.7%,56,high,1,False,medium
listing_03090,204,NISSAN,MARCH,2002,1240.0,MANUAL,PETROL,253000.0,POLONNARUWA,2025-01-07,USED,26.5,29.35714285714286,28.375,29.5625,-9.732360097323614,below_expected_range,below_expected_range; deviation_from_group_median=-9.7%,8,medium,1,False,medium
listing_05851,205,SUZUKI,WAGON R,2017,850.0,AUTOMATIC,HYBRID,88000.0,MORATUWA,2024-12-25,USED,54.75,60.64038461538462,60.0,62.975,-9.71363333650462,below_expected_range,below_expected_range; deviation_from_group_median=-9.7%,46,high,1,False,medium
listing_06566,206,TATA,NANO,2016,659.0,MANUAL,DIESEL,99000.0,GAMPAHA,2025-02-05,USED,16.5,18.258333333333333,17.8,18.5,-9.63030579643998,below_expected_range,below_expected_range; deviation_from_group_median=-9.6%,9,medium,1,False,medium
listing_09283,207,TOYOTA,VITZ,2016,1000.0,AUTOMATIC,PETROL,99000.0,KOTTE,2025-01-08,USED,85.0,77.56627906976743,75.7875,78.63749999999999,9.583701860374488,above_expected_range,above_expected_range; deviation_from_group_median=9.6%,56,high,2,True,medium
listing_09361,208,TOYOTA,VITZ,2016,1000.0,AUTOMATIC,PETROL,99000.0,KADAWATHA,2025-01-02,USED,85.0,77.56627906976743,75.7875,78.63749999999999,9.583701860374488,above_expected_range,above_expected_range; deviation_from_group_median=9.6%,56,high,2,True,medium
listing_00403,209,FORD,LASER,2000,1500.0,AUTOMATIC,PETROL,275000.0,GAMPAHA,2025-02-03,USED,26.9,29.75,29.5625,30.3125,-9.579831932773114,below_expected_range,below_expected_range; deviation_from_group_median=-9.6%,6,medium,1,False,medium
listing_04162,210,SUZUKI,ALTO,2010,800.0,MANUAL,PETROL,165000.0,COLOMBO,2025-02-02,USED,24.0,26.538235294117648,25.95,26.9,-9.564446414717946,below_expected_range,below_expected_range; deviation_from_group_median=-9.6%,21,high,1,False,medium
listing_01944,211,MICRO,PANDA,2011,1300.0,MANUAL,PETROL,154000.0,CHILAW,2024-12-20,USED,23.5,21.45,20.95,21.75,9.55710955710956,above_expected_range,above_expected_range; deviation_from_group_median=9.6%,11,high,1,False,medium
listing_02819,212,NISSAN,FB15,1999,1500.0,AUTOMATIC,PETROL,286000.0,KURUNEGALA,2025-01-30,USED,38.75,35.37352941176471,34.9125,36.375,9.545189989190984,above_expected_range,above_expected_range; deviation_from_group_median=9.5%,18,high,1,False,medium
listing_04353,213,SUZUKI,ALTO,2015,800.0,MANUAL,PETROL,110000.0,KANDY,2024-12-28,USED,29.9,33.02984496124031,32.5,33.5,-9.475808817489463,below_expected_range,below_expected_range; deviation_from_group_median=-9.5%,161,high,1,False,medium
listing_09434,214,TOYOTA,VITZ,2019,990.0,AUTOMATIC,PETROL,66000.0,MATALE,2024-12-17,USED,108.0,98.7625,96.9375,98.775,9.353246424503224,above_expected_range,above_expected_range; deviation_from_group_median=9.4%,16,high,1,False,medium
listing_01026,215,HONDA,INSIGHT,2009,1300.0,AUTOMATIC,HYBRID,176000.0,KANDY,2025-02-02,USED,76.0,69.5,69.5,70.03181818181818,9.352517985611511,above_expected_range,above_expected_range; deviation_from_group_median=9.4%,13,high,1,False,medium
listing_06229,216,SUZUKI,WAGON R STINGRAY,2018,650.0,AUTOMATIC,HYBRID,77000.0,KULIYAPITIYA,2025-01-30,USED,78.0,71.3560974390244,70.0,71.86250000000001,9.310910769262556,above_expected_range,above_expected_range; deviation_from_group_median=9.3%,130,high,1,False,medium
listing_00990,217,HONDA,GRACE EX,2015,1500.0,AUTOMATIC,HYBRID,110000.0,MATUGAMA,2025-01-20,USED,114.0,104.29166666666666,102.5,104.29166666666666,9.308829404714352,above_expected_range,above_expected_range; deviation_from_group_median=9.3%,9,medium,1,False,medium
listing_00796,218,HONDA,FIT GP5,2014,1490.0,AUTOMATIC,HYBRID,121000.0,MAWANELLA,2025-01-19,USED,74.0,81.55384615384615,80.0,83.0,-9.262403320128277,below_expected_range,below_expected_range; deviation_from_group_median=-9.3%,47,high,1,False,medium
listing_05884,219,SUZUKI,WAGON R,2018,658.0,AUTOMATIC,PETROL,77000.0,KULIYAPITIYA,2024-12-16,USED,76.0,69.56041666666667,69.5,69.56041666666667,9.257539908353047,above_expected_range,above_expected_range; deviation_from_group_median=9.3%,47,high,1,False,medium
listing_07064,220,TOYOTA,AQUA,2012,1500.0,AUTOMATIC,HYBRID,143000.0,KOTTAWA,2024-12-11,USED,77.5,70.95,69.5,72.5,9.231853417899924,above_expected_range,above_expected_range; deviation_from_group_median=9.2%,45,high,1,False,medium
listing_09284,221,TOYOTA,VITZ,2009,1000.0,AUTOMATIC,PETROL,176000.0,BANDARAWELA,2025-01-08,USED,51.99,57.26714285714286,55.9375,58.375,-9.214957467508167,below_expected_range,below_expected_range; deviation_from_group_median=-9.2%,16,high,1,False,medium
listing_07259,222,TOYOTA,AXIO,2007,1490.0,AUTOMATIC,PETROL,198000.0,MORATUWA,2025-02-03,USED,79.85,73.12384615384615,71.5,74.5,9.198304246746831,above_expected_range,above_expected_range; deviation_from_group_median=9.2%,32,high,1,False,medium
listing_04455,223,SUZUKI,ALTO,2015,800.0,MANUAL,PETROL,110000.0,COLOMBO,2024-12-08,USED,30.0,33.02984496124031,32.5,33.5,-9.173052325240262,below_expected_range,below_expected_range; deviation_from_group_median=-9.2%,161,high,1,False,medium
listing_04138,224,SUZUKI,ALTO,2014,800.0,MANUAL,PETROL,121000.0,COLOMBO,2025-02-03,USED,34.5,31.60277777777778,31.4375,31.924999999999997,9.167618880196876,above_expected_range,above_expected_range; deviation_from_group_median=9.2%,24,high,1,False,medium
listing_04963,225,SUZUKI,ESTILO,2010,1000.0,MANUAL,PETROL,165000.0,GALLE,2025-01-13,USED,29.75,32.75,31.9,32.95,-9.16030534351145,below_expected_range,below_expected_range; deviation_from_group_median=-9.2%,25,high,1,False,medium
listing_09466,226,TOYOTA,VITZ,2018,1000.0,AUTOMATIC,PETROL,77000.0,BALANGODA,2024-12-09,USED,99.0,90.70925925925924,88.875,91.925,9.139905681563013,above_expected_range,above_expected_range; deviation_from_group_median=9.1%,36,high,1,False,medium
listing_00324,227,DAIHATSU,MIRA,2015,650.0,AUTOMATIC,PETROL,110000.0,KANDANA,2024-12-10,USED,57.0,52.25,51.0,53.25,9.090909090909092,above_expected_range,above_expected_range; deviation_from_group_median=9.1%,10,high,1,False,medium
listing_06857,228,TOYOTA,ALLION 260,2008,1500.0,AUTOMATIC,PETROL,187000.0,GAMPAHA,2024-12-19,USED,97.0,89.0,88.0,91.0,8.98876404494382,above_expected_range,above_expected_range; deviation_from_group_median=9.0%,13,high,1,False,medium
listing_09675,229,TOYOTA,YARIS,2008,1300.0,AUTOMATIC,PETROL,187000.0,BATTARAMULLA,2025-01-06,USED,59.5,65.35416666666667,65.0,65.5,-8.95760280522793,below_expected_range,below_expected_range; deviation_from_group_median=-9.0%,19,high,1,False,medium
listing_03179,230,NISSAN,MARCH K11,2000,1000.0,AUTOMATIC,PETROL,275000.0,NEGOMBO,2024-12-27,USED,30.5,28.0,27.637500000000003,28.375,8.928571428571429,above_expected_range,above_expected_range; deviation_from_group_median=8.9%,18,high,1,False,medium
listing_05845,231,SUZUKI,WAGON R,2018,650.0,AUTOMATIC,PETROL,77000.0,KANDY,2024-12-27,USED,75.75,69.56041666666667,69.5,69.56041666666667,8.89814010602294,above_expected_range,above_expected_range; deviation_from_group_median=8.9%,47,high,1,False,medium
listing_09268,232,TOYOTA,VITZ,2018,1490.0,AUTOMATIC,PETROL,77000.0,MORATUWA,2025-01-11,USED,98.75,90.70925925925924,88.875,91.925,8.864299859134823,above_expected_range,above_expected_range; deviation_from_group_median=8.9%,36,high,1,False,medium
listing_01949,233,MICRO,PANDA,2015,1000.0,MANUAL,PETROL,110000.0,PANADURA,2024-12-13,USED,23.75,26.056,25.9,26.65,-8.850168867055576,below_expected_range,below_expected_range; deviation_from_group_median=-8.9%,33,high,1,False,medium
listing_03554,234,NISSAN,TRAD SUNNY,1989,1400.0,MANUAL,PETROL,396000.0,BANDARAWELA,2024-12-28,USED,13.0,14.25,14.0,14.304166666666667,-8.771929824561402,below_expected_range,below_expected_range; deviation_from_group_median=-8.8%,7,medium,1,False,medium
listing_01969,235,MICRO,PANDA CROSS,2016,1300.0,MANUAL,PETROL,99000.0,AVISSAWELLA,2025-02-05,USED,29.9,32.76428571428572,32.6,33.5,-8.742097231305882,below_expected_range,below_expected_range; deviation_from_group_median=-8.7%,9,medium,1,False,medium
listing_09760,236,ZOTYE,Z100,2017,1000.0,MANUAL,PETROL,88000.0,PANADURA,2025-01-08,USED,29.9,27.5,26.75,27.75,8.727272727272723,above_expected_range,above_expected_range; deviation_from_group_median=8.7%,10,high,1,False,medium
listing_08521,237,TOYOTA,PREMIO,2017,1500.0,AUTOMATIC,PETROL,88000.0,KANDY,2025-02-02,USED,158.0,173.0666666666667,171.0,174.0,-8.705701078582448,below_expected_range,below_expected_range; deviation_from_group_median=-8.7%,21,high,1,False,medium
listing_04120,238,SUZUKI,ALTO,2015,800.0,MANUAL,PETROL,110000.0,ANURADAPURA,2025-02-04,USED,35.9,33.02984496124031,32.5,33.5,8.689580717462482,above_expected_range,above_expected_range; deviation_from_group_median=8.7%,161,high,1,False,medium
listing_05312,239,SUZUKI,MARUTI 800,2006,800.0,MANUAL,PETROL,209000.0,PADUKKA,2024-12-07,USED,15.5,16.9625,16.88125,17.25,-8.621960206337501,below_expected_range,below_expected_range; deviation_from_group_median=-8.6%,11,high,1,False,medium
listing_02271,240,MITSUBISHI,LANCER CS1,2008,1300.0,MANUAL,PETROL,187000.0,NUGEGODA,2025-02-03,USED,64.9,59.75,58.75,61.0,8.619246861924696,above_expected_range,above_expected_range; deviation_from_group_median=8.6%,5,medium,1,False,medium
listing_00214,241,CHEVROLET,CRUZE,2002,1320.0,AUTOMATIC,PETROL,253000.0,MALABE,2025-02-03,USED,39.9,36.75,35.85,36.875,8.571428571428568,above_expected_range,above_expected_range; deviation_from_group_median=8.6%,5,medium,1,False,medium
listing_03156,242,NISSAN,MARCH K11,2002,1000.0,AUTOMATIC,PETROL,253000.0,KADAWATHA,2025-01-29,USED,27.4,29.95,29.95,30.5,-8.514190317195327,below_expected_range,below_expected_range; deviation_from_group_median=-8.5%,5,medium,1,False,medium
listing_04848,243,SUZUKI,CELERIO,2016,1000.0,MANUAL,PETROL,99000.0,POLONNARUWA,2025-01-16,USED,44.5,48.625,47.75,49.875,-8.483290488431876,below_expected_range,below_expected_range; deviation_from_group_median=-8.5%,14,high,1,False,medium
listing_01036,244,HONDA,INSIGHT,2011,1300.0,AUTOMATIC,HYBRID,154000.0,HAMBANTOTA,2025-01-13,USED,80.0,73.75,72.5,74.38625,8.47457627118644,above_expected_range,above_expected_range; deviation_from_group_median=8.5%,12,high,1,False,medium
listing_05799,245,SUZUKI,WAGON R,2014,650.0,AUTOMATIC,HYBRID,121000.0,GAMPAHA,2025-01-26,USED,58.9,54.31,53.25,54.31,8.451482231633209,above_expected_range,above_expected_range; deviation_from_group_median=8.5%,29,high,1,False,medium
listing_04307,246,SUZUKI,ALTO,2015,800.0,MANUAL,PETROL,110000.0,BANDARAGAMA,2025-01-05,USED,30.25,33.02984496124031,32.5,33.5,-8.416161094617264,below_expected_range,below_expected_range; deviation_from_group_median=-8.4%,161,high,2,True,medium
listing_04210,247,SUZUKI,ALTO,2015,800.0,MANUAL,PETROL,110000.0,GAMPAHA,2025-01-15,USED,30.25,33.02984496124031,32.5,33.5,-8.416161094617264,below_expected_range,below_expected_range; deviation_from_group_median=-8.4%,161,high,2,True,medium
listing_04967,248,SUZUKI,ESTILO,2010,1000.0,MANUAL,PETROL,165000.0,KOTIKAWATTA,2025-01-26,USED,30.0,32.75,31.9,32.95,-8.396946564885496,below_expected_range,below_expected_range; deviation_from_group_median=-8.4%,25,high,1,False,medium
listing_04408,249,SUZUKI,ALTO,2011,800.0,MANUAL,PETROL,154000.0,COLOMBO,2024-12-19,USED,28.5,26.2945945945946,25.775,26.825000000000003,8.387295713845186,above_expected_range,above_expected_range; deviation_from_group_median=8.4%,42,high,1,False,medium
listing_08844,250,TOYOTA,PRIUS,2013,1800.0,AUTOMATIC,HYBRID,132000.0,WENNAPPUWA,2024-12-05,USED,97.0,105.85714285714285,105.85714285714285,105.85714285714285,-8.367071524966253,below_expected_range,below_expected_range; deviation_from_group_median=-8.4%,17,high,1,False,medium
listing_06600,251,TATA,NANO,2012,650.0,MANUAL,PETROL,143000.0,EMBILIPITIYA,2024-12-20,USED,13.5,12.458333333333332,12.302083333333332,12.677083333333332,8.361204013377936,above_expected_range,above_expected_range; deviation_from_group_median=8.4%,10,high,1,False,medium
listing_02004,252,MICRO,PANDA CROSS,2016,1300.0,MANUAL,PETROL,99000.0,HORANA,2024-12-23,USED,35.5,32.76428571428572,32.6,33.5,8.349683889252217,above_expected_range,above_expected_range; deviation_from_group_median=8.3%,9,medium,1,False,medium
listing_09388,253,TOYOTA,VITZ,2019,1000.0,AUTOMATIC,PETROL,66000.0,DANKOTUWA,2024-12-25,USED,107.0,98.7625,96.9375,98.775,8.340716365017082,above_expected_range,above_expected_range; deviation_from_group_median=8.3%,16,high,1,False,medium
listing_04176,254,SUZUKI,ALTO,2010,796.0,MANUAL,PETROL,165000.0,HOMAGAMA,2025-01-31,USED,28.75,26.538235294117648,25.95,26.9,8.334256899035793,above_expected_range,above_expected_range; deviation_from_group_median=8.3%,21,high,1,False,medium
listing_04527,255,SUZUKI,ALTO 800,2015,799.0,MANUAL,PETROL,110000.0,MULLERIYAWA,2024-12-27,USED,36.0,33.23653846153846,32.5,33.5,8.314528727651458,above_expected_range,above_expected_range; deviation_from_group_median=8.3%,33,high,1,False,medium
listing_07531,256,TOYOTA,BELTA,2007,1000.0,AUTOMATIC,PETROL,198000.0,KALUTARA,2025-02-04,USED,58.5,63.78684210526316,62.625,65.35,-8.288295721770705,below_expected_range,below_expected_range; deviation_from_group_median=-8.3%,22,high,1,False,medium
listing_00797,257,HONDA,FIT GP5,2013,1500.0,AUTOMATIC,HYBRID,132000.0,MATUGAMA,2025-01-04,USED,83.5,77.125,75.90625,78.375,8.26580226904376,above_expected_range,above_expected_range; deviation_from_group_median=8.3%,18,high,1,False,medium
listing_01955,258,MICRO,PANDA,2013,1000.0,MANUAL,PETROL,132000.0,RATNAPURA,2024-12-09,USED,24.9,23.0,22.85,23.5,8.260869565217385,above_expected_range,above_expected_range; deviation_from_group_median=8.3%,15,high,1,False,medium
listing_09465,259,TOYOTA,VITZ,2007,1300.0,AUTOMATIC,PETROL,198000.0,POLGAHAWELA,2024-12-09,USED,58.25,53.810526315789474,52.825,54.5,8.250195618153363,above_expected_range,above_expected_range; deviation_from_group_median=8.3%,75,high,1,False,medium
listing_04703,260,SUZUKI,ALTO K10,2016,1000.0,AUTOMATIC,PETROL,99000.0,JAFFNA,2025-01-31,USED,45.25,41.815,41.150000000000006,42.682500000000005,8.214755470524937,above_expected_range,above_expected_range; deviation_from_group_median=8.2%,6,medium,1,False,medium
listing_00986,261,HONDA,GRACE EX,2015,1490.0,AUTOMATIC,HYBRID,110000.0,KURUNEGALA,2025-01-23,USED,95.75,104.29166666666666,102.5,104.29166666666666,-8.190171793847375,below_expected_range,below_expected_range; deviation_from_group_median=-8.2%,9,medium,1,False,medium
listing_00900,262,HONDA,FIT SHUTTLE,2013,1330.0,AUTOMATIC,HYBRID,132000.0,KANDY,2025-01-16,USED,96.69017857142856,89.41428571428571,87.75,89.58214285714286,8.137282313468596,above_expected_range,above_expected_range; deviation_from_group_median=8.1%,11,high,1,False,medium
listing_02831,263,NISSAN,FB15,1999,1500.0,MANUAL,PETROL,286000.0,KEGALLE,2025-01-12,USED,32.5,35.37352941176471,34.9125,36.375,-8.123389041323692,below_expected_range,below_expected_range; deviation_from_group_median=-8.1%,18,high,1,False,medium
listing_06838,264,TOYOTA,ALLION 260,2010,1500.0,AUTOMATIC,PETROL,165000.0,KURUNEGALA,2025-01-13,USED,95.0,103.32777777777778,102.99166666666667,105.0,-8.05957309532771,below_expected_range,below_expected_range; deviation_from_group_median=-8.1%,12,high,1,False,medium
listing_03177,265,NISSAN,MARCH K11,2000,1000.0,AUTOMATIC,PETROL,275000.0,KANDANA,2024-12-30,USED,25.75,28.0,27.637500000000003,28.375,-8.035714285714286,below_expected_range,below_expected_range; deviation_from_group_median=-8.0%,18,high,1,False,medium
listing_08559,266,TOYOTA,PREMIO,2018,1490.0,AUTOMATIC,PETROL,77000.0,HIKKADUWA,2025-01-25,USED,172.0,187.0,185.35416666666663,188.25,-8.02139037433155,below_expected_range,below_expected_range; deviation_from_group_median=-8.0%,15,high,1,False,medium
listing_09472,267,TOYOTA,VITZ,2007,1000.0,AUTOMATIC,PETROL,198000.0,HORANA,2024-12-08,USED,49.5,53.810526315789474,52.825,54.5,-8.01056338028169,below_expected_range,below_expected_range; deviation_from_group_median=-8.0%,75,high,2,True,medium
listing_09278,268,TOYOTA,VITZ,2007,1000.0,AUTOMATIC,PETROL,198000.0,HORANA,2025-01-09,USED,49.5,53.810526315789474,52.825,54.5,-8.01056338028169,below_expected_range,below_expected_range; deviation_from_group_median=-8.0%,75,high,2,True,medium
listing_05410,269,SUZUKI,SPACIA CUSTOM,2017,660.0,AUTOMATIC,ELECTRIC,88000.0,KURUNEGALA,2025-02-01,USED,63.5,69.0,68.95,69.875,-7.971014492753622,below_expected_range,below_expected_range; deviation_from_group_median=-8.0%,7,medium,1,False,medium
listing_00822,270,HONDA,FIT GP5,2013,1500.0,AUTOMATIC,PETROL,132000.0,KURUNEGALA,2024-12-17,USED,71.0,77.125,75.90625,78.375,-7.941653160453808,below_expected_range,below_expected_range; deviation_from_group_median=-7.9%,18,high,1,False,medium
listing_01960,271,MICRO,PANDA,2012,1300.0,MANUAL,PETROL,143000.0,BANDARAWELA,2024-12-04,USED,24.5,22.7,22.24285714285714,22.95,7.929515418502206,above_expected_range,above_expected_range; deviation_from_group_median=7.9%,9,medium,1,False,medium
listing_04715,272,SUZUKI,ALTO K10,2016,990.0,AUTOMATIC,PETROL,99000.0,COLOMBO,2025-01-28,USED,38.5,41.815,41.150000000000006,42.682500000000005,-7.92777711347602,below_expected_range,below_expected_range; deviation_from_group_median=-7.9%,6,medium,1,False,medium
listing_01039,273,HONDA,INSIGHT,2009,2003.0,MANUAL,PETROL,176000.0,HORANA,2025-01-02,USED,64.0,69.5,69.5,70.03181818181818,-7.913669064748201,below_expected_range,below_expected_range; deviation_from_group_median=-7.9%,13,high,1,False,medium
listing_04779,274,SUZUKI,ALTO LXI,2015,800.0,MANUAL,PETROL,110000.0,BATTARAMULLA,2025-01-20,USED,35.4,32.825,32.4375,33.0625,7.844630616907831,above_expected_range,above_expected_range; deviation_from_group_median=7.8%,24,high,1,False,medium
listing_01024,275,HONDA,INSIGHT,2011,1300.0,AUTOMATIC,HYBRID,154000.0,COLOMBO,2025-02-02,USED,79.5,73.75,72.5,74.38625,7.796610169491526,above_expected_range,above_expected_range; deviation_from_group_median=7.8%,12,high,1,False,medium
listing_07484,276,TOYOTA,AXIO WXB,2017,1490.0,AUTOMATIC,HYBRID,88000.0,COLOMBO,2025-01-20,USED,127.9,138.66333333333333,138.0,139.0,-7.762205822255335,below_expected_range,below_expected_range; deviation_from_group_median=-7.8%,21,high,1,False,medium
listing_05854,277,SUZUKI,WAGON R,2018,650.0,AUTOMATIC,PETROL,77000.0,KALUTARA,2024-12-25,USED,74.95,69.56041666666667,69.5,69.56041666666667,7.748060738566595,above_expected_range,above_expected_range; deviation_from_group_median=7.7%,47,high,1,False,medium
listing_00897,278,HONDA,FIT SHUTTLE,2013,1300.0,AUTOMATIC,PETROL,132000.0,KURUNEGALA,2025-02-01,USED,82.5,89.41428571428571,87.75,89.58214285714286,-7.732864674868186,below_expected_range,below_expected_range; deviation_from_group_median=-7.7%,11,high,1,False,medium
listing_06829,279,TOYOTA,ALLION 260,2007,1500.0,AUTOMATIC,PETROL,198000.0,WENNAPPUWA,2025-01-31,USED,92.5,85.865,84.0,87.0,7.727246258661859,above_expected_range,above_expected_range; deviation_from_group_median=7.7%,13,high,1,False,medium
listing_07091,280,TOYOTA,AQUA G GRADE,2014,1490.0,AUTOMATIC,HYBRID,121000.0,TANGALLE,2025-02-04,USED,82.0,76.125,75.375,76.125,7.717569786535304,above_expected_range,above_expected_range; deviation_from_group_median=7.7%,11,high,1,False,medium
listing_05711,281,SUZUKI,WAGON R,2014,660.0,AUTOMATIC,PETROL,121000.0,KADUWELA,2025-02-05,USED,58.5,54.31,53.25,54.31,7.7149696188547185,above_expected_range,above_expected_range; deviation_from_group_median=7.7%,29,high,1,False,medium
listing_06591,282,TATA,NANO,2012,659.0,MANUAL,PETROL,143000.0,COLOMBO,2025-01-03,USED,11.5,12.458333333333332,12.302083333333332,12.677083333333332,-7.692307692307683,below_expected_range,below_expected_range; deviation_from_group_median=-7.7%,10,high,1,False,medium
listing_04233,283,SUZUKI,ALTO,2015,800.0,MANUAL,PETROL,110000.0,DEHIWALA-MOUNT-LAVINIA,2025-01-11,USED,30.5,33.02984496124031,32.5,33.5,-7.659269863994267,below_expected_range,below_expected_range; deviation_from_group_median=-7.7%,161,high,3,True,medium
listing_04237,284,SUZUKI,ALTO,2015,800.0,MANUAL,PETROL,110000.0,NITTAMBUWA,2025-01-11,USED,30.5,33.02984496124031,32.5,33.5,-7.659269863994267,below_expected_range,below_expected_range; deviation_from_group_median=-7.7%,161,high,3,True,medium
listing_04369,285,SUZUKI,ALTO,2015,800.0,MANUAL,PETROL,110000.0,MULLERIYAWA,2024-12-25,USED,30.5,33.02984496124031,32.5,33.5,-7.659269863994267,below_expected_range,below_expected_range; deviation_from_group_median=-7.7%,161,high,3,True,medium
listing_03968,286,RENAULT,KWID,2016,800.0,MANUAL,PETROL,99000.0,COLOMBO,2025-02-05,USED,34.625,32.1625,31.75,32.825,7.656432180334235,above_expected_range,above_expected_range; deviation_from_group_median=7.7%,35,high,1,False,medium
listing_08829,287,TOYOTA,PRIUS,2012,1800.0,AUTOMATIC,HYBRID,143000.0,MATARA,2024-12-15,USED,102.9,95.59916666666666,93.86,97.02479166666666,7.63692152128245,above_expected_range,above_expected_range; deviation_from_group_median=7.6%,18,high,1,False,medium
listing_05928,288,SUZUKI,WAGON R FX,2017,650.0,AUTOMATIC,PETROL,88000.0,KEGALLE,2025-01-29,USED,54.79375,59.31190476190476,58.25,59.7,-7.617618722652642,below_expected_range,below_expected_range; deviation_from_group_median=-7.6%,27,high,1,False,medium
listing_03653,289,PERODUA,BEZZA,2018,1000.0,AUTOMATIC,PETROL,77000.0,COLOMBO,2025-01-31,USED,66.0625,71.5,69.90833333333333,72.0,-7.604895104895106,below_expected_range,below_expected_range; deviation_from_group_median=-7.6%,7,medium,1,False,medium
listing_09263,290,TOYOTA,VITZ,2007,1300.0,MANUAL,PETROL,198000.0,MALABE,2025-01-12,USED,57.9,53.810526315789474,52.825,54.5,7.599765258215959,above_expected_range,above_expected_range; deviation_from_group_median=7.6%,75,high,1,False,medium
listing_02008,291,MICRO,PANDA CROSS,2014,1300.0,MANUAL,PETROL,121000.0,KIRIBATHGODA,2024-12-09,USED,31.0,28.81428571428572,28.25,28.95,7.585523054040633,above_expected_range,above_expected_range; deviation_from_group_median=7.6%,9,medium,1,False,medium
listing_00407,292,FORD,LASER,2000,1500.0,MANUAL,PETROL,275000.0,NITTAMBUWA,2025-01-29,USED,32.0,29.75,29.5625,30.3125,7.563025210084033,above_expected_range,above_expected_range; deviation_from_group_median=7.6%,6,medium,1,False,medium
listing_03171,293,NISSAN,MARCH K11,2001,999.0,AUTOMATIC,PETROL,264000.0,PANNALA,2025-01-21,USED,31.8,29.575,28.75,29.9375,7.5232459847844515,above_expected_range,above_expected_range; deviation_from_group_median=7.5%,10,high,1,False,medium
listing_06188,294,SUZUKI,WAGON R STINGRAY,2018,660.0,AUTOMATIC,PETROL,77000.0,BATTARAMULLA,2025-02-04,USED,66.0,71.3560974390244,70.0,71.86250000000001,-7.506152426008608,below_expected_range,below_expected_range; deviation_from_group_median=-7.5%,130,high,1,False,medium
listing_03162,295,NISSAN,MARCH K11,2000,1000.0,AUTOMATIC,PETROL,275000.0,MALABE,2025-01-11,USED,25.9,28.0,27.637500000000003,28.375,-7.500000000000005,below_expected_range,below_expected_range; deviation_from_group_median=-7.5%,18,high,1,False,medium
listing_04445,296,SUZUKI,ALTO,2015,800.0,MANUAL,PETROL,110000.0,COLOMBO,2024-12-11,USED,35.5,33.02984496124031,32.5,33.5,7.47855474846569,above_expected_range,above_expected_range; deviation_from_group_median=7.5%,161,high,1,False,medium
listing_08608,297,TOYOTA,PREMIO,2017,1500.0,AUTOMATIC,PETROL,88000.0,MATARA,2024-12-04,USED,186.0,173.0666666666667,171.0,174.0,7.473035439137118,above_expected_range,above_expected_range; deviation_from_group_median=7.5%,21,high,1,False,medium
listing_08533,298,TOYOTA,PREMIO,2013,1500.0,AUTOMATIC,PETROL,132000.0,KADAWATHA,2025-01-31,USED,119.5,129.13888888888889,128.5,129.75,-7.463970746397072,below_expected_range,below_expected_range; deviation_from_group_median=-7.5%,13,high,1,False,medium
listing_09340,299,TOYOTA,VITZ,2015,1300.0,AUTOMATIC,PETROL,110000.0,MALABE,2025-01-20,USED,79.5,74.0,72.375,75.125,7.432432432432432,above_expected_range,above_expected_range; deviation_from_group_median=7.4%,28,high,1,False,medium
listing_01096,300,HONDA,N WGN,2017,650.0,AUTOMATIC,PETROL,88000.0,KALUTARA,2025-01-11,USED,73.02499999999999,68.0,68.0,68.95,7.389705882352929,above_expected_range,above_expected_range; deviation_from_group_median=7.4%,5,medium,1,False,medium
listing_00321,301,DAIHATSU,MIRA,2017,660.0,AUTOMATIC,PETROL,88000.0,PANADURA,2024-12-25,USED,64.0,59.6,58.675,59.75,7.382550335570468,above_expected_range,above_expected_range; deviation_from_group_median=7.4%,7,medium,1,False,medium
listing_05285,302,SUZUKI,MARUTI 800,2010,800.0,MANUAL,PETROL,165000.0,NEGOMBO,2025-01-05,USED,21.0,19.560714285714283,19.3625,19.75,7.358042724119057,above_expected_range,above_expected_range; deviation_from_group_median=7.4%,8,medium,1,False,medium
listing_08651,303,TOYOTA,PREMIO G SUPERIOR,2013,1500.0,AUTOMATIC,PETROL,132000.0,WATTALA,2025-02-04,USED,135.0,125.8529411764706,124.0,127.0,7.268053283477443,above_expected_range,above_expected_range; deviation_from_group_median=7.3%,24,high,1,False,medium
listing_06353,304,SUZUKI,WAGON R STINGRAY,2015,660.0,AUTOMATIC,PETROL,110000.0,COLOMBO,2024-12-25,USED,59.9,55.849999999999994,55.18870967741937,57.0,7.251566696508513,above_expected_range,above_expected_range; deviation_from_group_median=7.3%,46,high,1,False,medium
listing_06307,305,SUZUKI,WAGON R STINGRAY,2018,650.0,AUTOMATIC,HYBRID,77000.0,CHILAW,2025-01-24,USED,76.5,71.3560974390244,70.0,71.86250000000001,7.20877786985366,above_expected_range,above_expected_range; deviation_from_group_median=7.2%,130,high,2,True,medium
listing_06313,306,SUZUKI,WAGON R STINGRAY,2018,650.0,AUTOMATIC,PETROL,77000.0,DIVULAPITIYA,2025-01-21,USED,76.5,71.3560974390244,70.0,71.86250000000001,7.20877786985366,above_expected_range,above_expected_range; deviation_from_group_median=7.2%,130,high,2,True,medium
listing_06910,307,TOYOTA,AQUA,2014,1500.0,AUTOMATIC,HYBRID,121000.0,HIKKADUWA,2025-02-05,USED,82.5,76.98434782608696,76.0,77.875,7.164641033750503,above_expected_range,above_expected_range; deviation_from_group_median=7.2%,34,high,1,False,medium
listing_07161,308,TOYOTA,AQUA S GRADE,2013,1500.0,AUTOMATIC,HYBRID,132000.0,KOTTAWA,2025-01-28,USED,70.5,75.92,74.82499999999999,76.8775,-7.139093782929401,below_expected_range,below_expected_range; deviation_from_group_median=-7.1%,8,medium,1,False,medium
listing_08809,309,TOYOTA,PRIUS,2011,1800.0,AUTOMATIC,HYBRID,154000.0,MORATUWA,2025-01-02,USED,84.5,90.95,90.95,90.95,-7.091808686091262,below_expected_range,below_expected_range; deviation_from_group_median=-7.1%,17,high,1,False,medium
listing_09250,310,TOYOTA,VITZ,2007,1000.0,AUTOMATIC,PETROL,198000.0,KURUNEGALA,2025-01-15,USED,50.0,53.810526315789474,52.825,54.5,-7.081377151799688,below_expected_range,below_expected_range; deviation_from_group_median=-7.1%,75,high,1,False,medium
listing_08544,311,TOYOTA,PREMIO,2013,1500.0,AUTOMATIC,PETROL,132000.0,MAHARAGAMA,2025-01-11,USED,120.0,129.13888888888889,128.5,129.75,-7.076790707679069,below_expected_range,below_expected_range; deviation_from_group_median=-7.1%,13,high,1,False,medium
listing_06745,312,TOYOTA,ALLION,2011,1500.0,AUTOMATIC,PETROL,154000.0,MATARA,2024-12-28,USED,113.5,106.0,102.0,106.5,7.0754716981132075,above_expected_range,above_expected_range; deviation_from_group_median=7.1%,5,medium,1,False,medium
listing_01089,313,HONDA,N BOX CUSTOM,2016,660.0,AUTOMATIC,PETROL,99000.0,AMBALANGODA,2024-12-23,USED,69.0,64.5,64.5,64.5,6.976744186046512,above_expected_range,above_expected_range; deviation_from_group_median=7.0%,6,medium,1,False,medium
listing_01083,314,HONDA,N BOX CUSTOM,2016,660.0,AUTOMATIC,PETROL,99000.0,COLOMBO,2025-01-18,USED,60.0,64.5,64.5,64.5,-6.976744186046512,below_expected_range,below_expected_range; deviation_from_group_median=-7.0%,6,medium,1,False,medium
listing_06178,315,SUZUKI,WAGON R STINGRAY,2014,660.0,AUTOMATIC,HYBRID,121000.0,NITTAMBUWA,2025-02-04,USED,51.5,55.34558823529412,54.375,56.087500000000006,-6.948319383552554,below_expected_range,below_expected_range; deviation_from_group_median=-6.9%,40,high,1,False,medium
listing_09210,316,TOYOTA,VITZ,2005,1000.0,AUTOMATIC,PETROL,220000.0,KANDY,2025-01-31,USED,50.9,47.625,47.5,48.5,6.8766404199475035,above_expected_range,above_expected_range; deviation_from_group_median=6.9%,6,medium,1,False,medium
listing_06796,317,TOYOTA,ALLION 240,2004,1500.0,AUTOMATIC,PETROL,231000.0,WELIMADA,2024-12-27,USED,65.95,70.81666666666666,70.81666666666666,71.15833333333333,-6.872205224758758,below_expected_range,below_expected_range; deviation_from_group_median=-6.9%,7,medium,1,False,medium
listing_08716,318,TOYOTA,PREMIO G SUPERIOR,2012,1500.0,AUTOMATIC,PETROL,143000.0,KANDY,2025-01-04,USED,123.75,115.8,114.875,116.4,6.865284974093266,above_expected_range,above_expected_range; deviation_from_group_median=6.9%,7,medium,1,False,medium
listing_08516,319,TOYOTA,PREMIO,2013,1500.0,AUTOMATIC,PETROL,132000.0,GAMPAHA,2025-02-03,USED,138.0,129.13888888888889,128.5,129.75,6.861690686169071,above_expected_range,above_expected_range; deviation_from_group_median=6.9%,13,high,1,False,medium
listing_04599,320,SUZUKI,ALTO JAPAN,2017,650.0,AUTOMATIC,PETROL,88000.0,HOMAGAMA,2025-02-01,USED,49.9,53.575,53.575,53.575,-6.859542697153531,below_expected_range,below_expected_range; deviation_from_group_median=-6.9%,27,high,1,False,medium
listing_09397,321,TOYOTA,VITZ,2007,1300.0,AUTOMATIC,PETROL,198000.0,DEHIWALA-MOUNT-LAVINIA,2024-12-25,USED,57.5,53.810526315789474,52.825,54.5,6.856416275430359,above_expected_range,above_expected_range; deviation_from_group_median=6.9%,75,high,3,True,medium
listing_09220,322,TOYOTA,VITZ,2007,1300.0,AUTOMATIC,PETROL,198000.0,RATNAPURA,2025-01-30,USED,57.5,53.810526315789474,52.825,54.5,6.856416275430359,above_expected_range,above_expected_range; deviation_from_group_median=6.9%,75,high,3,True,medium
listing_09321,323,TOYOTA,VITZ,2007,1000.0,AUTOMATIC,PETROL,198000.0,COLOMBO,2025-01-24,USED,57.5,53.810526315789474,52.825,54.5,6.856416275430359,above_expected_range,above_expected_range; deviation_from_group_median=6.9%,75,high,3,True,medium
listing_06963,324,TOYOTA,AQUA,2013,1500.0,AUTOMATIC,HYBRID,132000.0,AMPARA,2025-01-10,USED,69.0,74.0725,73.15,75.0,-6.848020520436066,below_expected_range,below_expected_range; deviation_from_group_median=-6.8%,53,high,1,False,medium
listing_04723,325,SUZUKI,ALTO K10,2015,1000.0,AUTOMATIC,PETROL,110000.0,KADUWELA,2025-01-05,USED,41.25,38.61363636363636,38.5,38.90340909090909,6.827545615067697,above_expected_range,above_expected_range; deviation_from_group_median=6.8%,18,high,1,False,medium
listing_06254,326,SUZUKI,WAGON R STINGRAY,2018,650.0,AUTOMATIC,DIESEL,77000.0,DAMBULLA,2025-01-14,USED,66.5,71.3560974390244,70.0,71.86250000000001,-6.805441459538976,below_expected_range,below_expected_range; deviation_from_group_median=-6.8%,130,high,1,False,medium
listing_05951,327,SUZUKI,WAGON R FX,2017,650.0,AUTOMATIC,HYBRID,88000.0,KIRIBATHGODA,2024-12-21,USED,63.34375000000001,59.31190476190476,58.25,59.7,6.797699811328338,above_expected_range,above_expected_range; deviation_from_group_median=6.8%,27,high,2,True,medium
listing_05959,328,SUZUKI,WAGON R FX,2017,650.0,AUTOMATIC,HYBRID,88000.0,GAMPAHA,2024-12-05,USED,63.34375000000001,59.31190476190476,58.25,59.7,6.797699811328338,above_expected_range,above_expected_range; deviation_from_group_median=6.8%,27,high,2,True,medium
listing_00476,329,HONDA,CIVIC,2018,1000.0,AUTOMATIC,PETROL,77000.0,ANURADAPURA,2025-01-29,USED,138.0,129.25,127.0,129.25,6.769825918762089,above_expected_range,above_expected_range; deviation_from_group_median=6.8%,9,medium,1,False,medium
listing_02941,330,NISSAN,FB15 SUPER SALOON,2000,1500.0,AUTOMATIC,PETROL,275000.0,KALMUNAI,2025-01-12,USED,35.9,38.5,37.9375,38.9125,-6.753246753246757,below_expected_range,below_expected_range; deviation_from_group_median=-6.8%,8,medium,1,False,medium
listing_03153,331,NISSAN,MARCH K11,2002,1000.0,AUTOMATIC,PETROL,253000.0,BORALESGAMUWA,2025-01-31,USED,31.95,29.95,29.95,30.5,6.67779632721202,above_expected_range,above_expected_range; deviation_from_group_median=6.7%,5,medium,1,False,medium
listing_04543,332,SUZUKI,ALTO 800,2015,800.0,MANUAL,PETROL,110000.0,KANDY,2024-12-11,USED,35.45,33.23653846153846,32.5,33.5,6.659723427645682,above_expected_range,above_expected_range; deviation_from_group_median=6.7%,33,high,1,False,medium
listing_09299,333,TOYOTA,VITZ,2017,1000.0,AUTOMATIC,PETROL,88000.0,KANDY,2025-01-05,USED,78.5,84.1,83.75,85.75,-6.658739595719375,below_expected_range,below_expected_range; deviation_from_group_median=-6.7%,25,high,1,False,medium
listing_04115,334,SUZUKI,ALTO,2008,800.0,MANUAL,PETROL,187000.0,KANDY,2025-02-04,USED,21.9,23.46,23.3325,23.75,-6.649616368286454,below_expected_range,below_expected_range; deviation_from_group_median=-6.6%,8,medium,1,False,medium
listing_03998,335,RENAULT,KWID,2016,800.0,MANUAL,PETROL,99000.0,GAMPAHA,2024-12-25,USED,30.025,32.1625,31.75,32.825,-6.645938593082014,below_expected_range,below_expected_range; deviation_from_group_median=-6.6%,35,high,1,False,medium
listing_05191,336,SUZUKI,MARUTI,2006,800.0,MANUAL,PETROL,209000.0,NEGOMBO,2024-12-30,USED,15.75,16.87,16.75,16.87,-6.639004149377599,below_expected_range,below_expected_range; deviation_from_group_median=-6.6%,47,high,1,False,medium
listing_04140,337,SUZUKI,ALTO,2005,800.0,MANUAL,PETROL,220000.0,GAMPAHA,2025-02-03,USED,24.5,23.0,22.5,23.125,6.521739130434782,above_expected_range,above_expected_range; deviation_from_group_median=6.5%,5,medium,1,False,medium
listing_06913,338,TOYOTA,AQUA,2014,1500.0,AUTOMATIC,HYBRID,121000.0,COLOMBO,2025-02-05,USED,82.0,76.98434782608696,76.0,77.875,6.515158360818682,above_expected_range,above_expected_range; deviation_from_group_median=6.5%,34,high,1,False,medium
listing_06275,339,SUZUKI,WAGON R STINGRAY,2018,650.0,AUTOMATIC,HYBRID,77000.0,NUWARA-ELIYA,2025-01-07,USED,76.0,71.3560974390244,70.0,71.86250000000001,6.5080669033840275,above_expected_range,above_expected_range; deviation_from_group_median=6.5%,130,high,1,False,medium
listing_06169,340,SUZUKI,WAGON R STINGRAY,2014,650.0,AUTOMATIC,PETROL,121000.0,KANDY,2025-02-04,USED,51.75,55.34558823529412,54.375,56.087500000000006,-6.496612196094071,below_expected_range,below_expected_range; deviation_from_group_median=-6.5%,40,high,1,False,medium
listing_06339,341,SUZUKI,WAGON R STINGRAY,2017,657.0,AUTOMATIC,PETROL,88000.0,PANADURA,2024-12-29,USED,72.75,68.31290322580645,67.0,68.75,6.495254285309534,above_expected_range,above_expected_range; deviation_from_group_median=6.5%,49,high,1,False,medium
listing_08626,342,TOYOTA,PREMIO 260,2010,1500.0,AUTOMATIC,PETROL,165000.0,KADAWATHA,2024-12-08,USED,109.5,102.83333333333334,99.5,102.83333333333334,6.4829821717990175,above_expected_range,above_expected_range; deviation_from_group_median=6.5%,5,medium,1,False,medium
listing_01047,343,HONDA,INSIGHT,2009,1300.0,AUTOMATIC,HYBRID,176000.0,KURUNEGALA,2024-12-19,USED,65.0,69.5,69.5,70.03181818181818,-6.474820143884892,below_expected_range,below_expected_range; deviation_from_group_median=-6.5%,13,high,1,False,medium
listing_08511,344,TOYOTA,PREMIO,2013,1500.0,AUTOMATIC,PETROL,132000.0,AMPARA,2025-02-04,USED,137.5,129.13888888888889,128.5,129.75,6.474510647451067,above_expected_range,above_expected_range; deviation_from_group_median=6.5%,13,high,1,False,medium
listing_07015,345,TOYOTA,AQUA,2014,1490.0,AUTOMATIC,HYBRID,121000.0,COLOMBO,2024-12-28,USED,72.0,76.98434782608696,76.0,77.875,-6.4744950978177425,below_expected_range,below_expected_range; deviation_from_group_median=-6.5%,34,high,1,False,medium
listing_06167,346,SUZUKI,WAGON R STINGRAY,2018,650.0,AUTOMATIC,PETROL,77000.0,KURUNEGALA,2025-02-05,USED,66.75,71.3560974390244,70.0,71.86250000000001,-6.455085976304161,below_expected_range,below_expected_range; deviation_from_group_median=-6.5%,130,high,1,False,medium
listing_04545,347,SUZUKI,ALTO 800,2016,800.0,MANUAL,PETROL,99000.0,COLOMBO,2024-12-07,USED,37.05,34.81,34.33,34.925,6.434932490663588,above_expected_range,above_expected_range; deviation_from_group_median=6.4%,7,medium,1,False,medium
listing_08530,348,TOYOTA,PREMIO,2018,1500.0,AUTOMATIC,PETROL,77000.0,HOMAGAMA,2025-01-31,USED,175.0,187.0,185.35416666666663,188.25,-6.417112299465241,below_expected_range,below_expected_range; deviation_from_group_median=-6.4%,15,high,1,False,medium
listing_09322,349,TOYOTA,VITZ,2007,1000.0,MANUAL,PETROL,198000.0,KOTTE,2025-01-24,USED,57.25,53.810526315789474,52.825,54.5,6.391823161189358,above_expected_range,above_expected_range; deviation_from_group_median=6.4%,75,high,1,False,medium
listing_00499,350,HONDA,CIVIC,2018,1000.0,AUTOMATIC,PETROL,77000.0,BATTARAMULLA,2024-12-24,USED,121.0,129.25,127.0,129.25,-6.382978723404255,below_expected_range,below_expected_range; deviation_from_group_median=-6.4%,9,medium,1,False,medium
listing_06191,351,SUZUKI,WAGON R STINGRAY,2018,660.0,AUTOMATIC,HYBRID,77000.0,NUGEGODA,2025-02-03,USED,75.9,71.3560974390244,70.0,71.86250000000001,6.367924710090109,above_expected_range,above_expected_range; deviation_from_group_median=6.4%,130,high,2,True,medium
listing_06305,352,SUZUKI,WAGON R STINGRAY,2018,650.0,AUTOMATIC,HYBRID,77000.0,COLOMBO,2025-01-24,USED,75.9,71.3560974390244,70.0,71.86250000000001,6.367924710090109,above_expected_range,above_expected_range; deviation_from_group_median=6.4%,130,high,2,True,medium
listing_04164,353,SUZUKI,ALTO,2008,790.0,MANUAL,PETROL,187000.0,KADAWATHA,2025-02-02,USED,24.95,23.46,23.3325,23.75,6.3512361466325595,above_expected_range,above_expected_range; deviation_from_group_median=6.4%,8,medium,1,False,medium
listing_04152,354,SUZUKI,ALTO,2014,800.0,MANUAL,PETROL,121000.0,KALUTARA,2025-02-03,USED,29.6,31.60277777777778,31.4375,31.924999999999997,-6.337347279599198,below_expected_range,below_expected_range; deviation_from_group_median=-6.3%,24,high,1,False,medium
listing_07180,355,TOYOTA,AQUA S LIMITED,2012,1500.0,AUTOMATIC,HYBRID,143000.0,GALLE,2025-01-28,USED,67.5,72.0625,71.53125,72.65625,-6.331309627059845,below_expected_range,below_expected_range; deviation_from_group_median=-6.3%,7,medium,1,False,medium
listing_06255,356,SUZUKI,WAGON R STINGRAY,2017,660.0,AUTOMATIC,PETROL,88000.0,MORATUWA,2025-01-14,USED,64.0,68.31290322580645,67.0,68.75,-6.31345327477924,below_expected_range,below_expected_range; deviation_from_group_median=-6.3%,49,high,1,False,medium
listing_08641,357,TOYOTA,PREMIO G SUPERIOR,2012,1500.0,AUTOMATIC,PETROL,143000.0,KOTTAWA,2025-02-05,USED,108.5,115.8,114.875,116.4,-6.30397236614853,below_expected_range,below_expected_range; deviation_from_group_median=-6.3%,7,medium,1,False,medium
listing_07417,358,TOYOTA,AXIO G GRADE,2015,1500.0,AUTOMATIC,HYBRID,110000.0,NUGEGODA,2025-02-05,USED,104.9,111.93333333333334,111.93333333333334,115.5,-6.28350208457415,below_expected_range,below_expected_range; deviation_from_group_median=-6.3%,15,high,1,False,medium
listing_05877,359,SUZUKI,WAGON R,2018,650.0,AUTOMATIC,PETROL,77000.0,KULIYAPITIYA,2024-12-18,USED,73.9,69.56041666666667,69.5,69.56041666666667,6.238581568780142,above_expected_range,above_expected_range; deviation_from_group_median=6.2%,47,high,1,False,medium
listing_07169,360,TOYOTA,AQUA S GRADE,2012,1500.0,AUTOMATIC,HYBRID,143000.0,KURUNEGALA,2024-12-23,USED,65.9,70.27000000000001,69.935,70.80000000000001,-6.218870072577208,below_expected_range,below_expected_range; deviation_from_group_median=-6.2%,6,medium,1,False,medium
listing_07025,361,TOYOTA,AQUA,2013,1500.0,AUTOMATIC,HYBRID,132000.0,KALUTARA,2024-12-25,USED,69.5,74.0725,73.15,75.0,-6.1730061763812545,below_expected_range,below_expected_range; deviation_from_group_median=-6.2%,53,high,1,False,medium
listing_01878,362,MICRO,PANDA,2015,1000.0,MANUAL,PETROL,110000.0,GAMPAHA,2025-02-02,USED,24.45,26.056,25.9,26.65,-6.163647528400375,below_expected_range,below_expected_range; deviation_from_group_median=-6.2%,33,high,1,False,medium
listing_07188,363,TOYOTA,AQUA S LIMITED,2012,1500.0,AUTOMATIC,PETROL,143000.0,KANDY,2024-12-10,USED,76.5,72.0625,71.53125,72.65625,6.157849089332177,above_expected_range,above_expected_range; deviation_from_group_median=6.2%,7,medium,1,False,medium
listing_06421,364,SUZUKI,WAGON R STINGRAY,2014,650.0,AUTOMATIC,HYBRID,121000.0,GAMPAHA,2024-12-08,USED,58.75,55.34558823529412,54.375,56.087500000000006,6.1511890527434465,above_expected_range,above_expected_range; deviation_from_group_median=6.2%,40,high,1,False,medium
listing_06386,365,SUZUKI,WAGON R STINGRAY,2017,650.0,AUTOMATIC,PETROL,88000.0,BATTICALOA,2024-12-19,USED,72.5,68.31290322580645,67.0,68.75,6.129291212164141,above_expected_range,above_expected_range; deviation_from_group_median=6.1%,49,high,1,False,medium
listing_05254,366,SUZUKI,MARUTI 800,2006,800.0,MANUAL,PETROL,209000.0,KEGALLE,2025-02-05,USED,18.0,16.9625,16.88125,17.25,6.116433308769353,above_expected_range,above_expected_range; deviation_from_group_median=6.1%,11,high,1,False,medium
listing_05098,367,SUZUKI,MARUTI,2006,800.0,MANUAL,PETROL,209000.0,KANDY,2025-01-28,USED,17.9,16.87,16.75,16.87,6.105512744516879,above_expected_range,above_expected_range; deviation_from_group_median=6.1%,47,high,1,False,medium
listing_06382,368,SUZUKI,WAGON R STINGRAY,2018,650.0,AUTOMATIC,HYBRID,77000.0,NEGOMBO,2024-12-21,USED,67.0,71.3560974390244,70.0,71.86250000000001,-6.1047304930693445,below_expected_range,below_expected_range; deviation_from_group_median=-6.1%,130,high,2,True,medium
listing_06379,369,SUZUKI,WAGON R STINGRAY,2018,650.0,AUTOMATIC,HYBRID,77000.0,NEGOMBO,2024-12-22,USED,67.0,71.3560974390244,70.0,71.86250000000001,-6.1047304930693445,below_expected_range,below_expected_range; deviation_from_group_median=-6.1%,130,high,2,True,medium
listing_08700,370,TOYOTA,PREMIO G SUPERIOR,2013,1500.0,AUTOMATIC,PETROL,132000.0,KULIYAPITIYA,2025-01-24,USED,133.5,125.8529411764706,124.0,127.0,6.076186024772138,above_expected_range,above_expected_range; deviation_from_group_median=6.1%,24,high,1,False,medium
listing_09378,371,TOYOTA,VITZ,2017,1000.0,AUTOMATIC,PETROL,88000.0,MALABE,2024-12-28,USED,79.0,84.1,83.75,85.75,-6.064209274673002,below_expected_range,below_expected_range; deviation_from_group_median=-6.1%,25,high,2,True,medium
listing_09229,372,TOYOTA,VITZ,2017,1000.0,AUTOMATIC,PETROL,88000.0,KANDY,2025-01-29,USED,79.0,84.1,83.75,85.75,-6.064209274673002,below_expected_range,below_expected_range; deviation_from_group_median=-6.1%,25,high,2,True,medium
listing_04657,373,SUZUKI,ALTO JAPAN,2003,600.0,AUTOMATIC,PETROL,242000.0,BANDARAGAMA,2025-01-03,USED,30.25,32.2,31.9625,32.25,-6.05590062111802,below_expected_range,below_expected_range; deviation_from_group_median=-6.1%,22,high,1,False,medium
listing_09429,374,TOYOTA,VITZ,2008,1000.0,AUTOMATIC,PETROL,187000.0,CHILAW,2024-12-18,USED,58.75,55.39868421052632,54.975,55.8125,6.049450157945983,above_expected_range,above_expected_range; deviation_from_group_median=6.0%,56,high,1,False,medium
listing_05241,375,SUZUKI,MARUTI,2004,800.0,MANUAL,PETROL,231000.0,KALUTARA,2024-12-09,USED,16.1,15.185,14.9375,15.185,6.025683240039519,above_expected_range,above_expected_range; deviation_from_group_median=6.0%,20,high,1,False,medium
listing_04477,376,SUZUKI,ALTO,2014,800.0,MANUAL,PETROL,121000.0,MATARA,2024-12-04,USED,33.5,31.60277777777778,31.4375,31.924999999999997,6.003340072075227,above_expected_range,above_expected_range; deviation_from_group_median=6.0%,24,high,1,False,medium
listing_06950,377,TOYOTA,AQUA,2013,1200.0,AUTOMATIC,HYBRID,132000.0,COLOMBO,2025-01-29,USED,78.5,74.0725,73.15,75.0,5.9772520166053456,above_expected_range,above_expected_range; deviation_from_group_median=6.0%,53,high,2,True,medium
listing_06951,378,TOYOTA,AQUA,2013,1500.0,AUTOMATIC,HYBRID,132000.0,COLOMBO,2025-01-29,USED,78.5,74.0725,73.15,75.0,5.9772520166053456,above_expected_range,above_expected_range; deviation_from_group_median=6.0%,53,high,2,True,medium
listing_07463,379,TOYOTA,AXIO WXB,2017,1490.0,AUTOMATIC,HYBRID,88000.0,COLOMBO,2025-02-04,USED,146.95,138.66333333333333,138.0,139.0,5.9761051948364114,above_expected_range,above_expected_range; deviation_from_group_median=6.0%,21,high,1,False,medium
listing_06765,380,TOYOTA,ALLION 240,2004,1500.0,AUTOMATIC,PETROL,231000.0,KURUNEGALA,2025-02-05,USED,75.0,70.81666666666666,70.81666666666666,71.15833333333333,5.907272299364561,above_expected_range,above_expected_range; deviation_from_group_median=5.9%,7,medium,1,False,medium
listing_06940,381,TOYOTA,AQUA,2014,1500.0,AUTOMATIC,HYBRID,121000.0,RAJAGIRIYA,2025-02-01,USED,81.5,76.98434782608696,76.0,77.875,5.865675687886861,above_expected_range,above_expected_range; deviation_from_group_median=5.9%,34,high,1,False,medium
listing_04165,382,SUZUKI,ALTO,2014,800.0,MANUAL,PETROL,121000.0,KURUNEGALA,2025-02-01,USED,29.75,31.60277777777778,31.4375,31.924999999999997,-5.862705458380955,below_expected_range,below_expected_range; deviation_from_group_median=-5.9%,24,high,1,False,medium
listing_08706,383,TOYOTA,PREMIO G SUPERIOR,2013,1500.0,AUTOMATIC,PETROL,132000.0,NEGOMBO,2025-01-22,USED,118.5,125.8529411764706,124.0,127.0,-5.842486562280911,below_expected_range,below_expected_range; deviation_from_group_median=-5.8%,24,high,1,False,medium
listing_00588,384,HONDA,FIT,2014,1490.0,AUTOMATIC,HYBRID,121000.0,KURUNEGALA,2025-01-15,USED,75.0,79.65,79.0,80.825,-5.838041431261777,below_expected_range,below_expected_range; deviation_from_group_median=-5.8%,6,medium,1,False,medium
listing_05902,385,SUZUKI,WAGON R,2018,650.0,AUTOMATIC,HYBRID,77000.0,WELIGAMA,2024-12-09,USED,65.5,69.56041666666667,69.5,69.56041666666667,-5.837251789511519,below_expected_range,below_expected_range; deviation_from_group_median=-5.8%,47,high,1,False,medium
listing_07081,386,TOYOTA,AQUA G,2013,1500.0,AUTOMATIC,PETROL,132000.0,AVISSAWELLA,2025-01-10,USED,71.0,75.4,74.9875,76.7875,-5.835543766578256,below_expected_range,below_expected_range; deviation_from_group_median=-5.8%,6,medium,1,False,medium
listing_07016,387,TOYOTA,AQUA,2013,1500.0,AUTOMATIC,HYBRID,132000.0,RATNAPURA,2024-12-28,USED,69.75,74.0725,73.15,75.0,-5.835499004353848,below_expected_range,below_expected_range; deviation_from_group_median=-5.8%,53,high,1,False,medium
listing_06324,388,SUZUKI,WAGON R STINGRAY,2018,650.0,AUTOMATIC,PETROL,77000.0,WENNAPPUWA,2025-01-03,USED,75.5,71.3560974390244,70.0,71.86250000000001,5.807355936914395,above_expected_range,above_expected_range; deviation_from_group_median=5.8%,130,high,1,False,medium
listing_08749,389,TOYOTA,PRIUS,2013,1800.0,AUTOMATIC,PETROL,132000.0,NITTAMBUWA,2025-02-04,USED,112.0,105.85714285714285,105.85714285714285,105.85714285714285,5.8029689608637085,above_expected_range,above_expected_range; deviation_from_group_median=5.8%,17,high,1,False,medium
listing_07023,390,TOYOTA,AQUA,2013,1500.0,AUTOMATIC,HYBRID,132000.0,KANDY,2024-12-25,USED,69.8,74.0725,73.15,75.0,-5.767997569948371,below_expected_range,below_expected_range; deviation_from_group_median=-5.8%,53,high,2,True,medium
listing_07021,391,TOYOTA,AQUA,2013,1500.0,AUTOMATIC,HYBRID,132000.0,KANDY,2024-12-26,USED,69.8,74.0725,73.15,75.0,-5.767997569948371,below_expected_range,below_expected_range; deviation_from_group_median=-5.8%,53,high,2,True,medium
listing_05180,392,SUZUKI,MARUTI,2006,800.0,MANUAL,PETROL,209000.0,DOMPE,2025-01-04,USED,15.9,16.87,16.75,16.87,-5.749851807943098,below_expected_range,below_expected_range; deviation_from_group_median=-5.7%,47,high,1,False,medium
listing_07118,393,TOYOTA,AQUA G GRADE,2014,1500.0,AUTOMATIC,HYBRID,121000.0,HIKKADUWA,2025-01-04,USED,71.75,76.125,75.375,76.125,-5.747126436781609,below_expected_range,below_expected_range; deviation_from_group_median=-5.7%,11,high,1,False,medium
listing_08567,394,TOYOTA,PREMIO,2017,1500.0,AUTOMATIC,PETROL,88000.0,COLOMBO,2025-01-20,USED,183.0,173.0666666666667,171.0,174.0,5.739599383667166,above_expected_range,above_expected_range; deviation_from_group_median=5.7%,21,high,1,False,medium
listing_07338,395,TOYOTA,AXIO,2008,1500.0,AUTOMATIC,PETROL,187000.0,WATTALA,2024-12-30,USED,79.0,74.73333333333333,73.75,75.0,5.709188224799285,above_expected_range,above_expected_range; deviation_from_group_median=5.7%,18,high,1,False,medium
listing_04774,396,SUZUKI,ALTO LXI,2011,800.0,MANUAL,PETROL,154000.0,COLOMBO,2025-01-08,USED,28.5,26.966666666666665,26.916666666666664,26.966666666666665,5.6860321384425285,above_expected_range,above_expected_range; deviation_from_group_median=5.7%,6,medium,1,False,medium
listing_00224,397,CHEVROLET,CRUZE,2004,1300.0,AUTOMATIC,PETROL,231000.0,KURUNEGALA,2025-01-06,USED,39.5,37.375,37.0,37.375,5.68561872909699,above_expected_range,above_expected_range; deviation_from_group_median=5.7%,9,medium,1,False,medium
listing_05003,398,SUZUKI,HUSTLER,2017,600.0,AUTOMATIC,PETROL,88000.0,HORANA,2025-01-04,USED,58.95,62.5,62.0,63.5,-5.679999999999995,below_expected_range,below_expected_range; deviation_from_group_median=-5.7%,5,medium,1,False,medium
listing_08638,399,TOYOTA,PREMIO G SUPERIOR,2013,1500.0,AUTOMATIC,PETROL,132000.0,KADAWATHA,2025-02-05,USED,118.75,125.8529411764706,124.0,127.0,-5.64384201916336,below_expected_range,below_expected_range; deviation_from_group_median=-5.6%,24,high,1,False,medium
listing_04507,400,SUZUKI,ALTO 800,2016,800.0,MANUAL,PETROL,99000.0,BATTICALOA,2025-01-06,USED,32.85,34.81,34.33,34.925,-5.630565929330654,below_expected_range,below_expected_range; deviation_from_group_median=-5.6%,7,medium,1,False,medium
listing_02604,401,NISSAN,DAYZ,2018,650.0,AUTOMATIC,PETROL,77000.0,MIRIGAMA,2024-12-12,USED,67.5,63.91666666666667,62.75,63.91666666666667,5.606258148631023,above_expected_range,above_expected_range; deviation_from_group_median=5.6%,5,medium,1,False,medium
listing_07123,402,TOYOTA,AQUA G GRADE,2012,1842.0,AUTOMATIC,HYBRID,143000.0,JA-ELA,2024-12-22,USED,66.5,70.42777777777778,69.875,71.9625,-5.577029265599116,below_expected_range,below_expected_range; deviation_from_group_median=-5.6%,12,high,1,False,medium
listing_04459,403,SUZUKI,ALTO,2016,650.0,MANUAL,PETROL,99000.0,GAMPAHA,2024-12-08,USED,32.5,34.41428571428572,34.41428571428572,34.575,-5.562474055624751,below_expected_range,below_expected_range; deviation_from_group_median=-5.6%,26,high,1,False,medium
listing_08367,404,TOYOTA,IST,2007,1500.0,AUTOMATIC,PETROL,198000.0,KOTTE,2024-12-31,USED,76.5,72.5,72.0,72.5,5.517241379310345,above_expected_range,above_expected_range; deviation_from_group_median=5.5%,7,medium,1,False,medium
listing_00835,405,HONDA,FIT GP5 L GRADE,2014,1500.0,AUTOMATIC,HYBRID,121000.0,KURUNEGALA,2025-02-04,USED,76.5,80.95833333333333,80.95833333333333,82.5,-5.506948018528044,below_expected_range,below_expected_range; deviation_from_group_median=-5.5%,9,medium,1,False,medium
listing_07040,406,TOYOTA,AQUA,2014,1500.0,AUTOMATIC,HYBRID,121000.0,GAMPAHA,2024-12-21,USED,72.75,76.98434782608696,76.0,77.875,-5.5002710884200114,below_expected_range,below_expected_range; deviation_from_group_median=-5.5%,34,high,2,True,medium
listing_06966,407,TOYOTA,AQUA,2014,1490.0,AUTOMATIC,PETROL,121000.0,HORANA,2025-01-08,USED,72.75,76.98434782608696,76.0,77.875,-5.5002710884200114,below_expected_range,below_expected_range; deviation_from_group_median=-5.5%,34,high,2,True,medium
listing_06922,408,TOYOTA,AQUA,2013,1500.0,AUTOMATIC,PETROL,132000.0,POLONNARUWA,2025-02-04,USED,70.0,74.0725,73.15,75.0,-5.497991832326443,below_expected_range,below_expected_range; deviation_from_group_median=-5.5%,53,high,1,False,medium
listing_04713,409,SUZUKI,ALTO K10,2015,1000.0,MANUAL,PETROL,110000.0,AMPARA,2025-01-08,USED,36.5,38.61363636363636,38.5,38.90340909090909,-5.473808122424947,below_expected_range,below_expected_range; deviation_from_group_median=-5.5%,18,high,1,False,medium
listing_04754,410,SUZUKI,ALTO LXI,2011,800.0,MANUAL,PETROL,154000.0,KURUNEGALA,2025-02-05,USED,25.5,26.966666666666665,26.916666666666664,26.966666666666665,-5.43881334981458,below_expected_range,below_expected_range; deviation_from_group_median=-5.4%,6,medium,1,False,medium
listing_04179,411,SUZUKI,ALTO,2014,800.0,MANUAL,PETROL,121000.0,DOMPE,2025-01-31,USED,29.9,31.60277777777778,31.4375,31.924999999999997,-5.388063637162712,below_expected_range,below_expected_range; deviation_from_group_median=-5.4%,24,high,1,False,medium
listing_01995,412,MICRO,PANDA CROSS,2016,1300.0,MANUAL,PETROL,99000.0,RATNAPURA,2025-01-21,USED,31.0,32.76428571428572,32.6,33.5,-5.384783082624824,below_expected_range,below_expected_range; deviation_from_group_median=-5.4%,9,medium,1,False,medium
listing_05209,413,SUZUKI,MARUTI,2004,800.0,MANUAL,PETROL,231000.0,JAFFNA,2024-12-22,USED,16.0,15.185,14.9375,15.185,5.367138623641749,above_expected_range,above_expected_range; deviation_from_group_median=5.4%,20,high,2,True,medium
listing_05251,414,SUZUKI,MARUTI,2004,800.0,MANUAL,PETROL,231000.0,MATARA,2024-12-05,USED,16.0,15.185,14.9375,15.185,5.367138623641749,above_expected_range,above_expected_range; deviation_from_group_median=5.4%,20,high,2,True,medium
listing_03187,415,NISSAN,MARCH K11,2000,1016.0,AUTOMATIC,PETROL,275000.0,CHILAW,2024-12-08,USED,29.5,28.0,27.637500000000003,28.375,5.357142857142857,above_expected_range,above_expected_range; deviation_from_group_median=5.4%,18,high,1,False,medium
listing_05952,416,SUZUKI,WAGON R FX,2018,660.0,AUTOMATIC,PETROL,77000.0,KALUTARA,2024-12-20,USED,63.34375000000001,60.1375,58.8625,60.1375,5.331531906048646,above_expected_range,above_expected_range; deviation_from_group_median=5.3%,14,high,2,True,medium
listing_05960,417,SUZUKI,WAGON R FX,2018,650.0,AUTOMATIC,PETROL,77000.0,DEHIWALA-MOUNT-LAVINIA,2024-12-04,USED,63.34375000000001,60.1375,58.8625,60.1375,5.331531906048646,above_expected_range,above_expected_range; deviation_from_group_median=5.3%,14,high,2,True,medium
listing_09160,418,TOYOTA,VITZ,2019,1000.0,AUTOMATIC,PETROL,66000.0,KANDY,2025-02-04,NEW,93.5,98.7625,96.9375,98.775,-5.3284394380458195,below_expected_range,below_expected_range; deviation_from_group_median=-5.3%,16,high,1,False,medium
listing_00978,419,HONDA,GRACE EX,2014,1500.0,AUTOMATIC,HYBRID,121000.0,KADUWELA,2025-01-16,USED,91.5,96.625,96.25,97.9375,-5.304010349288486,below_expected_range,below_expected_range; deviation_from_group_median=-5.3%,8,medium,1,False,medium
listing_06806,420,TOYOTA,ALLION 240,2003,1500.0,AUTOMATIC,PETROL,242000.0,KALUTARA,2024-12-10,USED,65.0,68.64,68.0,69.9,-5.303030303030304,below_expected_range,below_expected_range; deviation_from_group_median=-5.3%,13,high,1,False,medium
listing_06961,421,TOYOTA,AQUA,2013,1500.0,AUTOMATIC,PETROL,132000.0,COLOMBO,2025-01-11,USED,78.0,74.0725,73.15,75.0,5.302237672550534,above_expected_range,above_expected_range; deviation_from_group_median=5.3%,53,high,1,False,medium
listing_06100,422,SUZUKI,WAGON R FZ SAFETY,2014,650.0,AUTOMATIC,HYBRID,121000.0,COLOMBO,2025-02-02,USED,56.75,53.9,53.75,54.442857142857136,5.287569573283862,above_expected_range,above_expected_range; deviation_from_group_median=5.3%,8,medium,1,False,medium
listing_09347,423,TOYOTA,VITZ,2008,1000.0,AUTOMATIC,PETROL,187000.0,TANGALLE,2025-01-19,USED,52.5,55.39868421052632,54.975,55.8125,-5.232406241835505,below_expected_range,below_expected_range; deviation_from_group_median=-5.2%,56,high,1,False,medium
listing_05058,424,SUZUKI,MARUTI,2006,800.0,MANUAL,PETROL,209000.0,MORATUWA,2025-02-02,USED,17.75,16.87,16.75,16.87,5.216360403082389,above_expected_range,above_expected_range; deviation_from_group_median=5.2%,47,high,1,False,medium
listing_06978,425,TOYOTA,AQUA,2014,1500.0,AUTOMATIC,HYBRID,121000.0,MULLERIYAWA,2025-01-26,USED,81.0,76.98434782608696,76.0,77.875,5.2161930149550395,above_expected_range,above_expected_range; deviation_from_group_median=5.2%,34,high,1,False,medium
listing_06607,426,TATA,NANO,2017,629.0,AUTOMATIC,PETROL,88000.0,COLOMBO,2024-12-05,USED,21.75,20.68,20.4375,20.76,5.174081237911027,above_expected_range,above_expected_range; deviation_from_group_median=5.2%,8,medium,1,False,medium
listing_05841,427,SUZUKI,WAGON R,2014,650.0,AUTOMATIC,PETROL,121000.0,AVISSAWELLA,2024-12-29,USED,51.5,54.31,53.25,54.31,-5.174001104768923,below_expected_range,below_expected_range; deviation_from_group_median=-5.2%,29,high,1,False,medium
listing_08582,428,TOYOTA,PREMIO,2017,1500.0,AUTOMATIC,PETROL,88000.0,HOMAGAMA,2024-12-28,USED,182.0,173.0666666666667,171.0,174.0,5.16178736517718,above_expected_range,above_expected_range; deviation_from_group_median=5.2%,21,high,1,False,medium
listing_05130,429,SUZUKI,MARUTI,2006,800.0,MANUAL,PETROL,209000.0,KANDY,2025-01-08,USED,16.0,16.87,16.75,16.87,-5.1570835803201005,below_expected_range,below_expected_range; deviation_from_group_median=-5.2%,47,high,2,True,medium
listing_05069,430,SUZUKI,MARUTI,2006,800.0,MANUAL,PETROL,209000.0,RATNAPURA,2025-02-01,USED,16.0,16.87,16.75,16.87,-5.1570835803201005,below_expected_range,below_expected_range; deviation_from_group_median=-5.2%,47,high,2,True,medium
listing_06043,431,SUZUKI,WAGON R FZ,2014,650.0,AUTOMATIC,HYBRID,121000.0,NEGOMBO,2025-01-26,USED,51.5,54.29272727272728,53.625,54.825,-5.143833093332447,below_expected_range,below_expected_range; deviation_from_group_median=-5.1%,31,high,1,False,medium
listing_01864,432,MICRO,PANDA,2016,1000.0,MANUAL,PETROL,99000.0,PANADURA,2025-02-05,USED,28.95,27.53636363636364,27.35,27.56818181818182,5.133707494222504,above_expected_range,above_expected_range; deviation_from_group_median=5.1%,15,high,1,False,medium
listing_07303,433,TOYOTA,AXIO,2008,1450.0,AUTOMATIC,PETROL,187000.0,BANDARAWELA,2025-01-05,USED,70.9,74.73333333333333,73.75,75.0,-5.129348795718103,below_expected_range,below_expected_range; deviation_from_group_median=-5.1%,18,high,1,False,medium
listing_06412,434,SUZUKI,WAGON R STINGRAY,2018,750.0,AUTOMATIC,PETROL,77000.0,KADUWELA,2024-12-11,USED,75.0,71.3560974390244,70.0,71.86250000000001,5.106644970444764,above_expected_range,above_expected_range; deviation_from_group_median=5.1%,130,high,2,True,medium
listing_06361,435,SUZUKI,WAGON R STINGRAY,2018,650.0,AUTOMATIC,HYBRID,77000.0,KANDY,2024-12-24,USED,75.0,71.3560974390244,70.0,71.86250000000001,5.106644970444764,above_expected_range,above_expected_range; deviation_from_group_median=5.1%,130,high,2,True,medium
listing_04467,436,SUZUKI,ALTO,2007,860.0,MANUAL,PETROL,198000.0,ANURADAPURA,2024-12-06,USED,22.795,24.0195,23.9,24.0195,-5.097941256062779,below_expected_range,below_expected_range; deviation_from_group_median=-5.1%,19,high,1,False,medium
listing_08603,437,TOYOTA,PREMIO,2018,1500.0,AUTOMATIC,PETROL,77000.0,GAMPAHA,2024-12-09,USED,196.5,187.0,185.35416666666663,188.25,5.080213903743315,above_expected_range,above_expected_range; deviation_from_group_median=5.1%,15,high,1,False,medium
listing_05425,438,SUZUKI,SPACIA CUSTOM,2017,660.0,AUTOMATIC,HYBRID,88000.0,KATUNAYAKE,2024-12-24,USED,72.5,69.0,68.95,69.875,5.072463768115942,above_expected_range,above_expected_range; deviation_from_group_median=5.1%,7,medium,1,False,medium
listing_07165,439,TOYOTA,AQUA S GRADE,2014,1500.0,AUTOMATIC,PETROL,121000.0,RATNAPURA,2024-12-31,USED,81.5,77.58,76.875,77.91,5.052848672338234,above_expected_range,above_expected_range; deviation_from_group_median=5.1%,8,medium,1,False,medium
listing_07308,440,TOYOTA,AXIO,2014,1500.0,AUTOMATIC,HYBRID,121000.0,COLOMBO,2025-01-27,USED,102.0,97.125,96.5,97.125,5.019305019305019,above_expected_range,above_expected_range; deviation_from_group_median=5.0%,15,high,1,False,medium
listing_08800,441,TOYOTA,PRIUS,2011,1800.0,AUTOMATIC,HYBRID,154000.0,BADULLA,2025-01-21,USED,95.5,90.95,90.95,90.95,5.002748763056621,above_expected_range,above_expected_range; deviation_from_group_median=5.0%,17,high,1,False,medium
listing_00850,442,HONDA,FIT GP5 L GRADE,2015,1500.0,AUTOMATIC,HYBRID,110000.0,POLGAHAWELA,2024-12-31,USED,84.75,80.71666666666667,79.5,80.71666666666667,4.9969027462316715,above_expected_range,above_expected_range; deviation_from_group_median=5.0%,5,medium,1,False,medium
listing_06300,443,SUZUKI,WAGON R STINGRAY,2018,660.0,AUTOMATIC,PETROL,77000.0,MATALE,2025-01-25,USED,74.9,71.3560974390244,70.0,71.86250000000001,4.966502777150845,above_expected_range,above_expected_range; deviation_from_group_median=5.0%,130,high,1,False,medium
listing_05771,444,SUZUKI,WAGON R,2018,650.0,AUTOMATIC,PETROL,77000.0,GAMPAHA,2025-01-16,USED,73.0,69.56041666666667,69.5,69.56041666666667,4.944742280391743,above_expected_range,above_expected_range; deviation_from_group_median=4.9%,47,high,1,False,medium
listing_06776,445,TOYOTA,ALLION 240,2007,1500.0,AUTOMATIC,PETROL,198000.0,ANURADAPURA,2025-01-10,USED,88.0,83.91666666666666,83.33333333333333,83.91666666666666,4.86593843098313,above_expected_range,above_expected_range; deviation_from_group_median=4.9%,7,medium,1,False,medium
listing_06276,446,SUZUKI,WAGON R STINGRAY,2018,660.0,AUTOMATIC,HYBRID,77000.0,WARAKAPOLA,2025-01-07,USED,74.8,71.3560974390244,70.0,71.86250000000001,4.826360583856908,above_expected_range,above_expected_range; deviation_from_group_median=4.8%,130,high,1,False,medium
listing_05050,447,SUZUKI,MARUTI,2003,800.0,MANUAL,PETROL,242000.0,MAWANELLA,2025-02-03,USED,13.5,14.183333333333332,14.183333333333332,14.270833333333334,-4.81786133960046,below_expected_range,below_expected_range; deviation_from_group_median=-4.8%,6,medium,1,False,medium
listing_00309,448,DAIHATSU,MIRA,2017,660.0,AUTOMATIC,PETROL,88000.0,GAMPAHA,2025-01-26,USED,56.75,59.6,58.675,59.75,-4.781879194630875,below_expected_range,below_expected_range; deviation_from_group_median=-4.8%,7,medium,1,False,medium
listing_07119,449,TOYOTA,AQUA G GRADE,2013,1500.0,AUTOMATIC,PETROL,132000.0,KELANIYA,2024-12-29,USED,72.0,75.61153846153846,75.025,76.875,-4.776438272546922,below_expected_range,below_expected_range; deviation_from_group_median=-4.8%,18,high,2,True,medium
listing_07127,450,TOYOTA,AQUA G GRADE,2013,1490.0,AUTOMATIC,HYBRID,132000.0,CHILAW,2024-12-05,USED,72.0,75.61153846153846,75.025,76.875,-4.776438272546922,below_expected_range,below_expected_range; deviation_from_group_median=-4.8%,18,high,2,True,medium
listing_07291,451,TOYOTA,AXIO,2015,1500.0,AUTOMATIC,HYBRID,110000.0,COLOMBO,2025-01-11,USED,118.0,112.63636363636364,112.63636363636364,112.63636363636364,4.761904761904758,above_expected_range,above_expected_range; deviation_from_group_median=4.8%,35,high,1,False,medium
listing_06281,452,SUZUKI,WAGON R STINGRAY,2018,660.0,AUTOMATIC,HYBRID,77000.0,DEHIWALA-MOUNT-LAVINIA,2025-01-06,USED,74.75,71.3560974390244,70.0,71.86250000000001,4.756289487209949,above_expected_range,above_expected_range; deviation_from_group_median=4.8%,130,high,1,False,medium
listing_08684,453,TOYOTA,PREMIO G SUPERIOR,2010,1500.0,AUTOMATIC,PETROL,165000.0,KADAWATHA,2025-01-14,USED,109.5,104.5625,102.5,105.0,4.722056186491333,above_expected_range,above_expected_range; deviation_from_group_median=4.7%,10,high,1,False,medium
listing_01097,454,HONDA,N WGN,2017,650.0,AUTOMATIC,PETROL,88000.0,MATARA,2025-01-05,USED,64.8,68.0,68.0,68.95,-4.70588235294118,below_expected_range,below_expected_range; deviation_from_group_median=-4.7%,5,medium,1,False,medium
listing_09180,455,TOYOTA,VITZ,2008,990.0,AUTOMATIC,PETROL,187000.0,NEGOMBO,2025-02-02,USED,58.0,55.39868421052632,54.975,55.8125,4.695627389972205,above_expected_range,above_expected_range; deviation_from_group_median=4.7%,56,high,2,True,medium
listing_09297,456,TOYOTA,VITZ,2008,1000.0,AUTOMATIC,PETROL,187000.0,MATARA,2025-01-05,USED,58.0,55.39868421052632,54.975,55.8125,4.695627389972205,above_expected_range,above_expected_range; deviation_from_group_median=4.7%,56,high,2,True,medium
listing_01911,457,MICRO,PANDA,2016,1000.0,MANUAL,PETROL,99000.0,HAMBANTOTA,2025-01-26,USED,26.25,27.53636363636364,27.35,27.56818181818182,-4.671508748761976,below_expected_range,below_expected_range; deviation_from_group_median=-4.7%,15,high,1,False,medium
listing_08552,458,TOYOTA,PREMIO,2017,1500.0,AUTOMATIC,PETROL,88000.0,COLOMBO,2025-01-06,USED,165.0,173.0666666666667,171.0,174.0,-4.661016949152556,below_expected_range,below_expected_range; deviation_from_group_median=-4.7%,21,high,1,False,medium
listing_04425,459,SUZUKI,ALTO,2007,800.0,MANUAL,PETROL,198000.0,KALUTARA,2024-12-16,USED,22.9,24.0195,23.9,24.0195,-4.660796436228906,below_expected_range,below_expected_range; deviation_from_group_median=-4.7%,19,high,1,False,medium
listing_04672,460,SUZUKI,ALTO JAPAN,2004,650.0,AUTOMATIC,PETROL,231000.0,MATARA,2024-12-17,USED,34.5,32.97222222222222,32.6875,32.979166666666664,4.633529907329404,above_expected_range,above_expected_range; deviation_from_group_median=4.6%,16,high,1,False,medium
listing_04644,461,SUZUKI,ALTO JAPAN,2017,650.0,AUTOMATIC,PETROL,88000.0,GAMPAHA,2025-01-26,USED,56.0,53.575,53.575,53.575,4.526364909006061,above_expected_range,above_expected_range; deviation_from_group_median=4.5%,27,high,1,False,medium
listing_06032,462,SUZUKI,WAGON R FZ,2014,660.0,AUTOMATIC,PETROL,121000.0,PADUKKA,2025-01-14,USED,56.75,54.29272727272728,53.625,54.825,4.5259703291919156,above_expected_range,above_expected_range; deviation_from_group_median=4.5%,31,high,1,False,medium
listing_05213,463,SUZUKI,MARUTI,2004,650.0,MANUAL,PETROL,231000.0,DAMBULLA,2024-12-21,USED,14.5,15.185,14.9375,15.185,-4.5110306223246655,below_expected_range,below_expected_range; deviation_from_group_median=-4.5%,20,high,1,False,medium
listing_09133,464,TOYOTA,VITZ,2008,1000.0,AUTOMATIC,PETROL,187000.0,GAMPAHA,2025-02-05,USED,52.9,55.39868421052632,54.975,55.8125,-4.510367432249493,below_expected_range,below_expected_range; deviation_from_group_median=-4.5%,56,high,1,False,medium
listing_08836,465,TOYOTA,PRIUS,2011,1800.0,AUTOMATIC,HYBRID,154000.0,KEGALLE,2024-12-10,USED,95.0,90.95,90.95,90.95,4.452996151731718,above_expected_range,above_expected_range; deviation_from_group_median=4.5%,17,high,1,False,medium
listing_08648,466,TOYOTA,PREMIO G SUPERIOR,2014,1500.0,AUTOMATIC,PETROL,121000.0,KURUNEGALA,2025-02-04,USED,128.5,134.4875,132.5,135.0,-4.452086625151044,below_expected_range,below_expected_range; deviation_from_group_median=-4.5%,13,high,1,False,medium
listing_00469,467,HONDA,CIVIC,2018,1000.0,AUTOMATIC,PETROL,77000.0,KALUTARA,2025-02-03,USED,135.0,129.25,127.0,129.25,4.448742746615087,above_expected_range,above_expected_range; deviation_from_group_median=4.4%,9,medium,1,False,medium
listing_07121,468,TOYOTA,AQUA G GRADE,2014,1500.0,AUTOMATIC,HYBRID,121000.0,PILIYANDALA,2024-12-27,USED,79.5,76.125,75.375,76.125,4.433497536945813,above_expected_range,above_expected_range; deviation_from_group_median=4.4%,11,high,1,False,medium
listing_07103,469,TOYOTA,AQUA G GRADE,2014,1500.0,AUTOMATIC,HYBRID,121000.0,MALABE,2025-01-29,USED,72.75,76.125,75.375,76.125,-4.433497536945813,below_expected_range,below_expected_range; deviation_from_group_median=-4.4%,11,high,1,False,medium
listing_06737,470,TOYOTA,ALLION,2010,1500.0,AUTOMATIC,PETROL,165000.0,KADUWELA,2025-01-21,USED,109.0,104.375,103.125,105.0,4.431137724550898,above_expected_range,above_expected_range; deviation_from_group_median=4.4%,10,high,1,False,medium
listing_05892,471,SUZUKI,WAGON R,2018,658.0,AUTOMATIC,HYBRID,77000.0,KOTTAWA,2024-12-13,USED,66.5,69.56041666666667,69.5,69.56041666666667,-4.399652580191084,below_expected_range,below_expected_range; deviation_from_group_median=-4.4%,47,high,1,False,medium
listing_00841,472,HONDA,FIT GP5 L GRADE,2013,1500.0,AUTOMATIC,HYBRID,132000.0,COLOMBO,2025-01-31,USED,74.9,78.34,78.34,79.8,-4.391115649731934,below_expected_range,below_expected_range; deviation_from_group_median=-4.4%,9,medium,1,False,medium
listing_07290,473,TOYOTA,AXIO,2008,1500.0,AUTOMATIC,PETROL,187000.0,COLOMBO,2025-01-11,USED,78.0,74.73333333333333,73.75,75.0,4.371097234611952,above_expected_range,above_expected_range; deviation_from_group_median=4.4%,18,high,2,True,medium
listing_07296,474,TOYOTA,AXIO,2008,1500.0,AUTOMATIC,PETROL,187000.0,BORALESGAMUWA,2025-01-09,USED,78.0,74.73333333333333,73.75,75.0,4.371097234611952,above_expected_range,above_expected_range; deviation_from_group_median=4.4%,18,high,2,True,medium
listing_09671,475,TOYOTA,YARIS,2008,1300.0,AUTOMATIC,PETROL,187000.0,AMBALANGODA,2025-01-13,USED,62.5,65.35416666666667,65.0,65.5,-4.367229837424298,below_expected_range,below_expected_range; deviation_from_group_median=-4.4%,19,high,2,True,medium
listing_09689,476,TOYOTA,YARIS,2008,1300.0,AUTOMATIC,PETROL,187000.0,COLOMBO,2025-01-03,USED,62.5,65.35416666666667,65.0,65.5,-4.367229837424298,below_expected_range,below_expected_range; deviation_from_group_median=-4.4%,19,high,2,True,medium
listing_07315,477,TOYOTA,AXIO,2017,1500.0,AUTOMATIC,PETROL,88000.0,NITTAMBUWA,2025-01-23,USED,144.0,138.0,138.0,138.0,4.3478260869565215,above_expected_range,above_expected_range; deviation_from_group_median=4.3%,7,medium,1,False,medium
listing_07329,478,TOYOTA,AXIO,2017,1500.0,AUTOMATIC,PETROL,88000.0,KELANIYA,2025-01-02,USED,132.0,138.0,138.0,138.0,-4.3478260869565215,below_expected_range,below_expected_range; deviation_from_group_median=-4.3%,7,medium,1,False,medium
listing_00219,479,CHEVROLET,CRUZE,2004,1330.0,AUTOMATIC,PETROL,231000.0,KADAWATHA,2025-01-30,USED,35.75,37.375,37.0,37.375,-4.3478260869565215,below_expected_range,below_expected_range; deviation_from_group_median=-4.3%,9,medium,1,False,medium
listing_00230,480,CHEVROLET,CRUZE,2004,1300.0,AUTOMATIC,PETROL,231000.0,KANDY,2025-01-22,USED,39.0,37.375,37.0,37.375,4.3478260869565215,above_expected_range,above_expected_range; deviation_from_group_median=4.3%,9,medium,1,False,medium
listing_04814,481,SUZUKI,ALTO SPORT,2010,650.0,MANUAL,PETROL,165000.0,COLOMBO,2024-12-17,USED,25.35,26.5,26.254166666666663,26.5,-4.339622641509429,below_expected_range,below_expected_range; deviation_from_group_median=-4.3%,7,medium,1,False,medium
listing_09292,482,TOYOTA,VITZ,2008,1000.0,AUTOMATIC,PETROL,187000.0,WATTEGAMA,2025-01-06,USED,53.0,55.39868421052632,54.975,55.8125,-4.329857729852986,below_expected_range,below_expected_range; deviation_from_group_median=-4.3%,56,high,2,True,medium
listing_09136,483,TOYOTA,VITZ,2008,1000.0,AUTOMATIC,PETROL,187000.0,JA-ELA,2025-02-05,USED,53.0,55.39868421052632,54.975,55.8125,-4.329857729852986,below_expected_range,below_expected_range; deviation_from_group_median=-4.3%,56,high,2,True,medium
listing_04108,484,SUZUKI,ALTO,2016,800.0,MANUAL,PETROL,99000.0,WENNAPPUWA,2025-02-05,USED,35.9,34.41428571428572,34.41428571428572,34.575,4.3171440431714245,above_expected_range,above_expected_range; deviation_from_group_median=4.3%,26,high,1,False,medium
listing_01041,485,HONDA,INSIGHT,2009,1300.0,AUTOMATIC,PETROL,176000.0,KURUNEGALA,2025-01-02,USED,66.5,69.5,69.5,70.03181818181818,-4.316546762589928,below_expected_range,below_expected_range; deviation_from_group_median=-4.3%,13,high,1,False,medium
listing_05903,486,SUZUKI,WAGON R,2014,660.0,AUTOMATIC,HYBRID,121000.0,MONERAGALA,2024-12-09,USED,56.65,54.31,53.25,54.31,4.3085987847541825,above_expected_range,above_expected_range; deviation_from_group_median=4.3%,29,high,1,False,medium
listing_08642,487,TOYOTA,PREMIO G SUPERIOR,2018,1500.0,AUTOMATIC,PETROL,77000.0,MATARA,2025-02-04,USED,178.5,186.5,185.375,189.125,-4.289544235924933,below_expected_range,below_expected_range; deviation_from_group_median=-4.3%,6,medium,1,False,medium
listing_04714,488,SUZUKI,ALTO K10,2015,1000.0,MANUAL,PETROL,110000.0,NEGOMBO,2025-01-28,USED,37.0,38.61363636363636,38.5,38.90340909090909,-4.178928781636247,below_expected_range,below_expected_range; deviation_from_group_median=-4.2%,18,high,1,False,medium
listing_08351,489,TOYOTA,IST,2007,1500.0,AUTOMATIC,PETROL,198000.0,RATNAPURA,2025-01-29,USED,69.5,72.5,72.0,72.5,-4.137931034482759,below_expected_range,below_expected_range; deviation_from_group_median=-4.1%,7,medium,1,False,medium
listing_05709,490,SUZUKI,WAGON R,2014,650.0,AUTOMATIC,PETROL,121000.0,VAVUNIYA,2025-02-05,USED,56.5,54.31,53.25,54.31,4.032406554962249,above_expected_range,above_expected_range; deviation_from_group_median=4.0%,29,high,2,True,medium
listing_05906,491,SUZUKI,WAGON R,2014,650.0,AUTOMATIC,HYBRID,121000.0,KALUTARA,2024-12-05,USED,56.5,54.31,53.25,54.31,4.032406554962249,above_expected_range,above_expected_range; deviation_from_group_median=4.0%,29,high,2,True,medium
listing_04156,492,SUZUKI,ALTO,2016,796.0,MANUAL,PETROL,99000.0,JAFFNA,2025-02-02,USED,35.8,34.41428571428572,34.41428571428572,34.575,4.02656704026565,above_expected_range,above_expected_range; deviation_from_group_median=4.0%,26,high,1,False,medium
listing_08673,493,TOYOTA,PREMIO G SUPERIOR,2014,1490.0,AUTOMATIC,PETROL,121000.0,BANDARAGAMA,2025-01-31,USED,139.9,134.4875,132.5,135.0,4.02453759643089,above_expected_range,above_expected_range; deviation_from_group_median=4.0%,13,high,1,False,medium
listing_05206,494,SUZUKI,MARUTI,2003,800.0,MANUAL,PETROL,242000.0,GALLE,2024-12-23,USED,14.75,14.183333333333332,14.183333333333332,14.270833333333334,3.995299647473572,above_expected_range,above_expected_range; deviation_from_group_median=4.0%,6,medium,1,False,medium
listing_08845,495,TOYOTA,PRIUS,2013,1800.0,AUTOMATIC,HYBRID,132000.0,DEHIWALA-MOUNT-LAVINIA,2024-12-05,USED,110.0,105.85714285714285,105.85714285714285,105.85714285714285,3.913630229419713,above_expected_range,above_expected_range; deviation_from_group_median=3.9%,17,high,1,False,medium
listing_05310,496,SUZUKI,MARUTI 800,2006,800.0,MANUAL,PETROL,209000.0,NAWALAPITIYA,2024-12-09,USED,16.3,16.9625,16.88125,17.25,-3.905674281503304,below_expected_range,below_expected_range; deviation_from_group_median=-3.9%,11,high,1,False,medium
listing_00896,497,HONDA,FIT SHUTTLE,2013,1330.0,AUTOMATIC,HYBRID,132000.0,NUGEGODA,2025-02-01,USED,92.9,89.41428571428571,87.75,89.58214285714286,3.8983863236938903,above_expected_range,above_expected_range; deviation_from_group_median=3.9%,11,high,1,False,medium
listing_07154,498,TOYOTA,AQUA S GRADE,2012,1490.0,AUTOMATIC,HYBRID,143000.0,COLOMBO,2025-01-31,USED,73.0,70.27000000000001,69.935,70.80000000000001,3.885014942365148,above_expected_range,above_expected_range; deviation_from_group_median=3.9%,6,medium,1,False,medium
listing_00700,499,HONDA,FIT GP1,2013,1300.0,AUTOMATIC,PETROL,132000.0,DANKOTUWA,2024-12-20,USED,72.5,69.81111111111112,68.975,69.81111111111112,3.8516632182078534,above_expected_range,above_expected_range; deviation_from_group_median=3.9%,18,high,2,True,medium
listing_00678,500,HONDA,FIT GP1,2013,1300.0,AUTOMATIC,HYBRID,132000.0,DEHIWALA-MOUNT-LAVINIA,2025-01-07,USED,72.5,69.81111111111112,68.975,69.81111111111112,3.8516632182078534,above_expected_range,above_expected_range; deviation_from_group_median=3.9%,18,high,2,True,medium
listing_04358,501,SUZUKI,ALTO,2014,800.0,MANUAL,PETROL,121000.0,KURUNEGALA,2024-12-27,USED,30.4,31.60277777777778,31.4375,31.924999999999997,-3.805924233101888,below_expected_range,below_expected_range; deviation_from_group_median=-3.8%,24,high,1,False,medium
listing_09491,502,TOYOTA,VITZ,2008,990.0,AUTOMATIC,PETROL,187000.0,KOTTAWA,2024-12-04,USED,57.5,55.39868421052632,54.975,55.8125,3.793078877989686,above_expected_range,above_expected_range; deviation_from_group_median=3.8%,56,high,1,False,medium
listing_07446,503,TOYOTA,AXIO G GRADE,2008,1500.0,AUTOMATIC,PETROL,187000.0,GALLE,2025-01-21,USED,76.5,79.5,79.5,79.75,-3.7735849056603774,below_expected_range,below_expected_range; deviation_from_group_median=-3.8%,7,medium,1,False,medium
listing_06574,504,TATA,NANO,2017,800.0,AUTOMATIC,PETROL,88000.0,KALUTARA,2025-02-01,USED,19.9,20.68,20.4375,20.76,-3.771760154738884,below_expected_range,below_expected_range; deviation_from_group_median=-3.8%,8,medium,1,False,medium
listing_01972,505,MICRO,PANDA CROSS,2012,1300.0,MANUAL,PETROL,143000.0,HOMAGAMA,2025-02-04,USED,25.6,26.6,26.6,26.95,-3.7593984962406015,below_expected_range,below_expected_range; deviation_from_group_median=-3.8%,5,medium,1,False,medium
listing_07301,506,TOYOTA,AXIO,2014,1500.0,AUTOMATIC,HYBRID,121000.0,PANADURA,2025-01-07,USED,93.5,97.125,96.5,97.125,-3.732303732303732,below_expected_range,below_expected_range; deviation_from_group_median=-3.7%,15,high,1,False,medium
listing_04638,507,SUZUKI,ALTO JAPAN,2016,650.0,AUTOMATIC,PETROL,99000.0,DEHIWALA-MOUNT-LAVINIA,2025-01-05,USED,54.5,52.54166666666667,52.54166666666667,52.54166666666667,3.72720063441712,above_expected_range,above_expected_range; deviation_from_group_median=3.7%,17,high,1,False,medium
listing_08680,508,TOYOTA,PREMIO G SUPERIOR,2014,1500.0,AUTOMATIC,PETROL,121000.0,BATTARAMULLA,2025-01-18,USED,139.5,134.4875,132.5,135.0,3.72711218514731,above_expected_range,above_expected_range; deviation_from_group_median=3.7%,13,high,1,False,medium
listing_00218,509,CHEVROLET,CRUZE,2004,1320.0,AUTOMATIC,PETROL,231000.0,KELANIYA,2025-01-30,USED,36.0,37.375,37.0,37.375,-3.678929765886288,below_expected_range,below_expected_range; deviation_from_group_median=-3.7%,9,medium,1,False,medium
listing_07313,510,TOYOTA,AXIO,2015,1500.0,AUTOMATIC,HYBRID,110000.0,KADAWATHA,2025-01-24,USED,108.5,112.63636363636364,112.63636363636364,112.63636363636364,-3.672316384180794,below_expected_range,below_expected_range; deviation_from_group_median=-3.7%,35,high,1,False,medium
listing_07548,511,TOYOTA,BELTA,2009,1300.0,AUTOMATIC,PETROL,176000.0,KADUWELA,2025-01-17,USED,66.5,64.16666666666666,64.0,64.875,3.6363636363636513,above_expected_range,above_expected_range; deviation_from_group_median=3.6%,10,high,1,False,medium
listing_08462,512,TOYOTA,PASSO,2005,1000.0,AUTOMATIC,PETROL,220000.0,GAMPAHA,2024-12-24,USED,42.9,44.5,43.9,44.5,-3.595505617977531,below_expected_range,below_expected_range; deviation_from_group_median=-3.6%,5,medium,1,False,medium
listing_04738,513,SUZUKI,ALTO K10,2015,1000.0,AUTOMATIC,PETROL,110000.0,HOMAGAMA,2024-12-12,USED,40.0,38.61363636363636,38.5,38.90340909090909,3.590347263095949,above_expected_range,above_expected_range; deviation_from_group_median=3.6%,18,high,1,False,medium
listing_01048,514,HONDA,INSIGHT,2012,1330.0,AUTOMATIC,HYBRID,143000.0,MATARA,2024-12-12,NEW,76.9,79.75,79.75,81.5,-3.573667711598739,below_expected_range,below_expected_range; deviation_from_group_median=-3.6%,5,medium,1,False,medium
listing_04608,515,SUZUKI,ALTO JAPAN,2018,1000.0,AUTOMATIC,PETROL,77000.0,MALABE,2025-02-01,USED,54.95,53.05625,52.724999999999994,53.1671875,3.569325008834971,above_expected_range,above_expected_range; deviation_from_group_median=3.6%,12,high,1,False,medium
listing_00987,516,HONDA,GRACE EX,2015,1450.0,AUTOMATIC,HYBRID,110000.0,GAMPAHA,2025-01-23,USED,108.0,104.29166666666666,102.5,104.29166666666666,3.5557331202557023,above_expected_range,above_expected_range; deviation_from_group_median=3.6%,9,medium,1,False,medium
listing_08838,517,TOYOTA,PRIUS,2011,1800.0,AUTOMATIC,PETROL,154000.0,ANURADAPURA,2024-12-07,USED,87.75,90.95,90.95,90.95,-3.5184167124793873,below_expected_range,below_expected_range; deviation_from_group_median=-3.5%,17,high,1,False,medium
listing_01927,518,MICRO,PANDA,2016,1500.0,MANUAL,PETROL,99000.0,POLONNARUWA,2025-01-05,USED,28.5,27.53636363636364,27.35,27.56818181818182,3.499504787058426,above_expected_range,above_expected_range; deviation_from_group_median=3.5%,15,high,1,False,medium
listing_07460,519,TOYOTA,AXIO WXB,2017,1500.0,AUTOMATIC,HYBRID,88000.0,NEGOMBO,2025-02-05,USED,143.5,138.66333333333333,138.0,139.0,3.4880646169379124,above_expected_range,above_expected_range; deviation_from_group_median=3.5%,21,high,1,False,medium
listing_06773,520,TOYOTA,ALLION 240,2007,1500.0,AUTOMATIC,PETROL,198000.0,DAMBULLA,2025-01-17,USED,81.0,83.91666666666666,83.33333333333333,83.91666666666666,-3.475670307845073,below_expected_range,below_expected_range; deviation_from_group_median=-3.5%,7,medium,1,False,medium
listing_00633,521,HONDA,FIT GP1,2010,1330.0,AUTOMATIC,HYBRID,165000.0,NEGOMBO,2025-02-05,USED,62.75,65.0,64.35,65.25,-3.4615384615384617,below_expected_range,below_expected_range; deviation_from_group_median=-3.5%,7,medium,1,False,medium
listing_04487,522,SUZUKI,ALTO 800,2014,800.0,MANUAL,PETROL,121000.0,KOTTAWA,2025-02-04,USED,32.9,31.8,31.575,31.8,3.459119496855339,above_expected_range,above_expected_range; deviation_from_group_median=3.5%,6,medium,1,False,medium
listing_08547,523,TOYOTA,PREMIO,2017,1500.0,AUTOMATIC,PETROL,88000.0,KOTTAWA,2025-01-10,USED,179.0,173.0666666666667,171.0,174.0,3.4283513097072267,above_expected_range,above_expected_range; deviation_from_group_median=3.4%,21,high,1,False,medium
listing_09401,524,TOYOTA,VITZ,2008,1000.0,AUTOMATIC,PETROL,187000.0,PANADURA,2024-12-23,USED,53.5,55.39868421052632,54.975,55.8125,-3.4273092178704667,below_expected_range,below_expected_range; deviation_from_group_median=-3.4%,56,high,2,True,medium
listing_09166,525,TOYOTA,VITZ,2008,1000.0,AUTOMATIC,PETROL,187000.0,KURUNEGALA,2025-02-03,USED,53.5,55.39868421052632,54.975,55.8125,-3.4273092178704667,below_expected_range,below_expected_range; deviation_from_group_median=-3.4%,56,high,2,True,medium
listing_05878,526,SUZUKI,WAGON R,2018,700.0,AUTOMATIC,PETROL,77000.0,CHILAW,2024-12-18,USED,71.9,69.56041666666667,69.5,69.56041666666667,3.363383150139273,above_expected_range,above_expected_range; deviation_from_group_median=3.4%,47,high,1,False,medium
listing_08634,527,TOYOTA,PREMIO G SUPERIOR,2014,1500.0,AUTOMATIC,PETROL,121000.0,MONERAGALA,2025-02-05,USED,139.0,134.4875,132.5,135.0,3.3553304210428387,above_expected_range,above_expected_range; deviation_from_group_median=3.4%,13,high,1,False,medium
listing_00849,528,HONDA,FIT GP5 L GRADE,2014,1490.0,AUTOMATIC,HYBRID,121000.0,MATARA,2025-01-19,USED,78.25,80.95833333333333,80.95833333333333,82.5,-3.345342254246006,below_expected_range,below_expected_range; deviation_from_group_median=-3.3%,9,medium,1,False,medium
listing_07145,529,TOYOTA,AQUA S GRADE,2014,1450.0,AUTOMATIC,PETROL,121000.0,MONERAGALA,2025-02-05,USED,75.0,77.58,76.875,77.91,-3.325599381283834,below_expected_range,below_expected_range; deviation_from_group_median=-3.3%,8,medium,2,True,medium
listing_07157,530,TOYOTA,AQUA S GRADE,2014,1500.0,AUTOMATIC,HYBRID,121000.0,KANDY,2025-01-15,USED,75.0,77.58,76.875,77.91,-3.325599381283834,below_expected_range,below_expected_range; deviation_from_group_median=-3.3%,8,medium,2,True,medium
listing_04668,531,SUZUKI,ALTO JAPAN,2017,660.0,AUTOMATIC,PETROL,88000.0,MATARA,2024-12-23,USED,51.8,53.575,53.575,53.575,-3.3131124591693992,below_expected_range,below_expected_range; deviation_from_group_median=-3.3%,27,high,1,False,medium
listing_00640,532,HONDA,FIT GP1,2013,1300.0,AUTOMATIC,PETROL,132000.0,MATARA,2025-02-03,USED,67.5,69.81111111111112,68.975,69.81111111111112,-3.3105204520133777,below_expected_range,below_expected_range; deviation_from_group_median=-3.3%,18,high,1,False,medium
listing_06084,533,SUZUKI,WAGON R FZ PREMIUM,2018,640.0,AUTOMATIC,PETROL,77000.0,KURUNEGALA,2025-02-04,USED,64.09375000000003,66.25,65.7,66.625,-3.254716981132032,below_expected_range,below_expected_range; deviation_from_group_median=-3.3%,7,medium,1,False,medium
listing_08761,534,TOYOTA,PRIUS,2010,1800.0,AUTOMATIC,PETROL,165000.0,GALLE,2025-02-01,USED,82.5,85.25,85.25,85.25,-3.225806451612903,below_expected_range,below_expected_range; deviation_from_group_median=-3.2%,11,high,1,False,medium
listing_04476,535,SUZUKI,ALTO,2007,800.0,MANUAL,PETROL,198000.0,KIRIBATHGODA,2024-12-04,USED,23.25,24.0195,23.9,24.0195,-3.203647036782617,below_expected_range,below_expected_range; deviation_from_group_median=-3.2%,19,high,1,False,medium
listing_05727,536,SUZUKI,WAGON R,2018,650.0,AUTOMATIC,PETROL,77000.0,MALABE,2025-02-03,USED,71.75,69.56041666666667,69.5,69.56041666666667,3.1477432687411997,above_expected_range,above_expected_range; deviation_from_group_median=3.1%,47,high,1,False,medium
listing_07443,537,TOYOTA,AXIO G GRADE,2008,1500.0,AUTOMATIC,PETROL,187000.0,KANDY,2025-01-24,USED,82.0,79.5,79.5,79.75,3.1446540880503147,above_expected_range,above_expected_range; deviation_from_group_median=3.1%,7,medium,1,False,medium
listing_05089,538,SUZUKI,MARUTI,2006,800.0,MANUAL,PETROL,209000.0,KULIYAPITIYA,2025-01-29,USED,17.4,16.87,16.75,16.87,3.141671606401882,above_expected_range,above_expected_range; deviation_from_group_median=3.1%,47,high,3,True,medium
listing_05154,539,SUZUKI,MARUTI,2006,800.0,MANUAL,PETROL,209000.0,KULIYAPITIYA,2025-01-26,USED,17.4,16.87,16.75,16.87,3.141671606401882,above_expected_range,above_expected_range; deviation_from_group_median=3.1%,47,high,3,True,medium
listing_05178,540,SUZUKI,MARUTI,2006,800.0,MANUAL,PETROL,209000.0,KANDANA,2025-01-04,USED,17.4,16.87,16.75,16.87,3.141671606401882,above_expected_range,above_expected_range; deviation_from_group_median=3.1%,47,high,3,True,medium
listing_00639,541,HONDA,FIT GP1,2013,1300.0,AUTOMATIC,HYBRID,132000.0,KURUNEGALA,2025-02-04,USED,72.0,69.81111111111112,68.975,69.81111111111112,3.1354448511857305,above_expected_range,above_expected_range; deviation_from_group_median=3.1%,18,high,1,False,medium
listing_04621,542,SUZUKI,ALTO JAPAN,2017,660.0,AUTOMATIC,PETROL,88000.0,GAMPAHA,2025-01-17,USED,55.25,53.575,53.575,53.575,3.1264582361175868,above_expected_range,above_expected_range; deviation_from_group_median=3.1%,27,high,1,False,medium
listing_05086,543,SUZUKI,MARUTI,2006,800.0,MANUAL,PETROL,209000.0,RATNAPURA,2025-01-30,USED,16.35,16.87,16.75,16.87,-3.0823947836395944,below_expected_range,below_expected_range; deviation_from_group_median=-3.1%,47,high,1,False,medium
listing_08539,544,TOYOTA,PREMIO,2014,1500.0,AUTOMATIC,PETROL,121000.0,MAHARAGAMA,2025-01-17,USED,135.0,131.0,131.0,131.0,3.0534351145038165,above_expected_range,above_expected_range; deviation_from_group_median=3.1%,7,medium,1,False,medium
listing_08525,545,TOYOTA,PREMIO,2014,1500.0,AUTOMATIC,PETROL,121000.0,PANNIPITIYA,2025-02-01,USED,127.0,131.0,131.0,131.0,-3.0534351145038165,below_expected_range,below_expected_range; deviation_from_group_median=-3.1%,7,medium,1,False,medium
listing_04220,546,SUZUKI,ALTO,2007,800.0,MANUAL,PETROL,198000.0,RATNAPURA,2025-01-14,USED,24.75,24.0195,23.9,24.0195,3.041278960844311,above_expected_range,above_expected_range; deviation_from_group_median=3.0%,19,high,1,False,medium
listing_08662,547,TOYOTA,PREMIO G SUPERIOR,2007,1500.0,AUTOMATIC,PETROL,198000.0,HOMAGAMA,2025-02-03,USED,92.5,95.33125,95.0,95.9,-2.969907559168685,below_expected_range,below_expected_range; deviation_from_group_median=-3.0%,9,medium,1,False,medium
listing_05823,548,SUZUKI,WAGON R,2018,650.0,AUTOMATIC,PETROL,77000.0,MIRIGAMA,2025-01-19,USED,67.5,69.56041666666667,69.5,69.56041666666667,-2.962053370870649,below_expected_range,below_expected_range; deviation_from_group_median=-3.0%,47,high,3,True,medium
listing_05839,549,SUZUKI,WAGON R,2018,660.0,AUTOMATIC,HYBRID,77000.0,BORALESGAMUWA,2024-12-30,USED,67.5,69.56041666666667,69.5,69.56041666666667,-2.962053370870649,below_expected_range,below_expected_range; deviation_from_group_median=-3.0%,47,high,3,True,medium
listing_05725,550,SUZUKI,WAGON R,2018,660.0,AUTOMATIC,HYBRID,77000.0,GAMPAHA,2025-02-04,USED,67.5,69.56041666666667,69.5,69.56041666666667,-2.962053370870649,below_expected_range,below_expected_range; deviation_from_group_median=-3.0%,47,high,3,True,medium
listing_04679,551,SUZUKI,ALTO JAPAN,2004,1000.0,MANUAL,PETROL,231000.0,KURUNEGALA,2024-12-09,USED,32.0,32.97222222222222,32.6875,32.979166666666664,-2.9486099410277986,below_expected_range,below_expected_range; deviation_from_group_median=-2.9%,16,high,1,False,medium
listing_06787,552,TOYOTA,ALLION 240,2005,1500.0,AUTOMATIC,PETROL,220000.0,GAMPAHA,2025-01-23,USED,75.0,77.25,77.25,77.25,-2.912621359223301,below_expected_range,below_expected_range; deviation_from_group_median=-2.9%,5,medium,1,False,medium
listing_06771,553,TOYOTA,ALLION 240,2005,1500.0,AUTOMATIC,PETROL,220000.0,COLOMBO,2025-01-30,USED,79.5,77.25,77.25,77.25,2.912621359223301,above_expected_range,above_expected_range; deviation_from_group_median=2.9%,5,medium,1,False,medium
listing_04711,554,SUZUKI,ALTO K10,2015,1000.0,MANUAL,PETROL,110000.0,GALLE,2025-01-11,USED,37.5,38.61363636363636,38.5,38.90340909090909,-2.884049440847548,below_expected_range,below_expected_range; deviation_from_group_median=-2.9%,18,high,1,False,medium
listing_08655,555,TOYOTA,PREMIO G SUPERIOR,2017,1500.0,AUTOMATIC,PETROL,88000.0,CHILAW,2025-02-04,USED,162.0,166.71428571428572,166.71428571428572,167.30357142857144,-2.8277634961439637,below_expected_range,below_expected_range; deviation_from_group_median=-2.8%,14,high,1,False,medium
listing_08447,556,TOYOTA,PASSO,2005,1000.0,AUTOMATIC,PETROL,220000.0,COLOMBO,2025-01-22,USED,45.75,44.5,43.9,44.5,2.8089887640449436,above_expected_range,above_expected_range; deviation_from_group_median=2.8%,5,medium,1,False,medium
listing_05847,557,SUZUKI,WAGON R,2018,650.0,AUTOMATIC,PETROL,77000.0,GAMPAHA,2024-12-26,USED,71.5,69.56041666666667,69.5,69.56041666666667,2.788343466411091,above_expected_range,above_expected_range; deviation_from_group_median=2.8%,47,high,1,False,medium
listing_07497,558,TOYOTA,AXIO WXB,2017,1500.0,AUTOMATIC,HYBRID,88000.0,GALLE,2024-12-04,USED,142.5,138.66333333333333,138.0,139.0,2.7668934349383445,above_expected_range,above_expected_range; deviation_from_group_median=2.8%,21,high,1,False,medium
listing_06449,559,SUZUKI,WAGON R STINGRAY J STYLE,2015,600.0,AUTOMATIC,HYBRID,110000.0,NUGEGODA,2025-01-25,USED,55.67361111111111,57.24545454545454,57.122727272727275,57.375,-2.7457960580876275,below_expected_range,below_expected_range; deviation_from_group_median=-2.7%,19,high,1,False,medium
listing_07597,560,TOYOTA,CAMRY,2004,2400.0,AUTOMATIC,PETROL,231000.0,DEHIWALA-MOUNT-LAVINIA,2025-01-08,USED,53.5,55.0,54.75,55.0,-2.727272727272727,below_expected_range,below_expected_range; deviation_from_group_median=-2.7%,5,medium,1,False,medium
listing_07306,561,TOYOTA,AXIO,2014,1490.0,AUTOMATIC,HYBRID,121000.0,MANNAR,2025-01-27,USED,99.75,97.125,96.5,97.125,2.702702702702702,above_expected_range,above_expected_range; deviation_from_group_median=2.7%,15,high,1,False,medium
listing_04344,562,SUZUKI,ALTO,2016,800.0,MANUAL,PETROL,99000.0,DIVULAPITIYA,2024-12-29,USED,33.5,34.41428571428572,34.41428571428572,34.575,-2.656704026567051,below_expected_range,below_expected_range; deviation_from_group_median=-2.7%,26,high,1,False,medium
listing_08564,563,TOYOTA,PREMIO,2013,1500.0,AUTOMATIC,PETROL,132000.0,WENNAPPUWA,2025-01-22,USED,132.5,129.13888888888889,128.5,129.75,2.6027102602710284,above_expected_range,above_expected_range; deviation_from_group_median=2.6%,13,high,1,False,medium
listing_05634,564,SUZUKI,SWIFT CENTER ANTENNA,2005,1300.0,AUTOMATIC,PETROL,220000.0,KULIYAPITIYA,2025-01-08,USED,40.8,39.766666666666666,39.75,39.766666666666666,2.598491198658839,above_expected_range,above_expected_range; deviation_from_group_median=2.6%,5,medium,1,False,medium
listing_07532,565,TOYOTA,BELTA,2009,1000.0,AUTOMATIC,PETROL,176000.0,NEGOMBO,2025-02-04,USED,62.5,64.16666666666666,64.0,64.875,-2.597402597402583,below_expected_range,below_expected_range; deviation_from_group_median=-2.6%,10,high,1,False,medium
listing_07491,566,TOYOTA,AXIO WXB,2017,1500.0,AUTOMATIC,HYBRID,88000.0,KIRIBATHGODA,2024-12-25,USED,135.1,138.66333333333333,138.0,139.0,-2.569773311858458,below_expected_range,below_expected_range; deviation_from_group_median=-2.6%,21,high,1,False,medium
listing_05635,567,SUZUKI,SWIFT CENTER ANTENNA,2005,1300.0,AUTOMATIC,PETROL,220000.0,MATUGAMA,2025-01-08,USED,38.75,39.766666666666666,39.75,39.766666666666666,-2.5565800502933755,below_expected_range,below_expected_range; deviation_from_group_median=-2.6%,5,medium,1,False,medium
listing_05035,568,SUZUKI,MARUTI,2012,800.0,MANUAL,PETROL,143000.0,MATARA,2025-02-04,USED,21.5,20.97,20.95,20.97,2.527420123986653,above_expected_range,above_expected_range; deviation_from_group_median=2.5%,9,medium,1,False,medium
listing_04535,569,SUZUKI,ALTO 800,2014,800.0,MANUAL,PETROL,121000.0,DEHIWALA-MOUNT-LAVINIA,2024-12-21,USED,31.0,31.8,31.575,31.8,-2.5157232704402537,below_expected_range,below_expected_range; deviation_from_group_median=-2.5%,6,medium,1,False,medium
listing_01234,570,HYUNDAI,EON MAGNA PLUS,2015,812.0,MANUAL,PETROL,110000.0,MORATUWA,2025-02-05,USED,35.10000000000001,36.0,35.9,36.1,-2.499999999999976,below_expected_range,below_expected_range; deviation_from_group_median=-2.5%,5,medium,1,False,medium
listing_05088,571,SUZUKI,MARUTI,2006,800.0,MANUAL,PETROL,209000.0,WARAKAPOLA,2025-01-30,USED,16.45,16.87,16.75,16.87,-2.4896265560166073,below_expected_range,below_expected_range; deviation_from_group_median=-2.5%,47,high,2,True,medium
listing_05029,572,SUZUKI,MARUTI,2006,800.0,MANUAL,PETROL,209000.0,KURUNEGALA,2025-02-05,USED,16.45,16.87,16.75,16.87,-2.4896265560166073,below_expected_range,below_expected_range; deviation_from_group_median=-2.5%,47,high,2,True,medium
listing_04660,573,SUZUKI,ALTO JAPAN,2017,650.0,AUTOMATIC,PETROL,88000.0,KADAWATHA,2024-12-28,USED,52.25,53.575,53.575,53.575,-2.47316845543631,below_expected_range,below_expected_range; deviation_from_group_median=-2.5%,27,high,1,False,medium
listing_04634,574,SUZUKI,ALTO JAPAN,2017,660.0,AUTOMATIC,PETROL,88000.0,COLOMBO,2025-01-10,USED,54.9,53.575,53.575,53.575,2.473168455436296,above_expected_range,above_expected_range; deviation_from_group_median=2.5%,27,high,1,False,medium
listing_06103,575,SUZUKI,WAGON R FZ SAFETY,2018,660.0,AUTOMATIC,PETROL,77000.0,MONERAGALA,2025-02-01,USED,68.0,66.38,66.285,66.5,2.4404941247363734,above_expected_range,above_expected_range; deviation_from_group_median=2.4%,8,medium,1,False,medium
listing_04361,576,SUZUKI,ALTO,2016,800.0,MANUAL,PETROL,99000.0,KATUNAYAKE,2024-12-27,USED,35.25,34.41428571428572,34.41428571428572,34.575,2.4283935242839236,above_expected_range,above_expected_range; deviation_from_group_median=2.4%,26,high,1,False,medium
listing_04188,577,SUZUKI,ALTO,2007,800.0,MANUAL,PETROL,198000.0,RATNAPURA,2025-01-29,USED,24.6,24.0195,23.9,24.0195,2.416786361081624,above_expected_range,above_expected_range; deviation_from_group_median=2.4%,19,high,1,False,medium
listing_07488,578,TOYOTA,AXIO WXB,2017,1500.0,AUTOMATIC,PETROL,88000.0,VAVUNIYA,2025-01-03,USED,142.0,138.66333333333333,138.0,139.0,2.406307843938561,above_expected_range,above_expected_range; deviation_from_group_median=2.4%,21,high,1,False,medium
listing_05300,579,SUZUKI,MARUTI 800,2011,800.0,MANUAL,PETROL,154000.0,KANDY,2024-12-21,USED,19.5,19.975,19.975,19.975,-2.3779724655819843,below_expected_range,below_expected_range; deviation_from_group_median=-2.4%,5,medium,1,False,medium
listing_05278,580,SUZUKI,MARUTI 800,2011,800.0,MANUAL,PETROL,154000.0,BANDARAWELA,2025-01-06,USED,20.45,19.975,19.975,19.975,2.377972465581967,above_expected_range,above_expected_range; deviation_from_group_median=2.4%,5,medium,1,False,medium
listing_06448,581,SUZUKI,WAGON R STINGRAY J STYLE,2015,660.0,AUTOMATIC,HYBRID,110000.0,KULIYAPITIYA,2025-01-06,USED,55.9,57.24545454545454,57.122727272727275,57.375,-2.3503255518500845,below_expected_range,below_expected_range; deviation_from_group_median=-2.4%,19,high,1,False,medium
listing_07247,582,TOYOTA,AXIO,2015,1500.0,AUTOMATIC,PETROL,110000.0,KANDY,2025-02-04,USED,110.0,112.63636363636364,112.63636363636364,112.63636363636364,-2.3405972558514963,below_expected_range,below_expected_range; deviation_from_group_median=-2.3%,35,high,3,True,medium
listing_07249,583,TOYOTA,AXIO,2015,1500.0,AUTOMATIC,PETROL,110000.0,GAMPAHA,2025-02-04,USED,110.0,112.63636363636364,112.63636363636364,112.63636363636364,-2.3405972558514963,below_expected_range,below_expected_range; deviation_from_group_median=-2.3%,35,high,3,True,medium
listing_07377,584,TOYOTA,AXIO,2015,1500.0,AUTOMATIC,HYBRID,110000.0,KANDY,2024-12-08,USED,110.0,112.63636363636364,112.63636363636364,112.63636363636364,-2.3405972558514963,below_expected_range,below_expected_range; deviation_from_group_median=-2.3%,35,high,3,True,medium
listing_07472,585,TOYOTA,AXIO WXB,2017,1500.0,AUTOMATIC,HYBRID,88000.0,MATARA,2025-01-30,USED,135.5,138.66333333333333,138.0,139.0,-2.2813048390586266,below_expected_range,below_expected_range; deviation_from_group_median=-2.3%,21,high,1,False,medium
listing_08704,586,TOYOTA,PREMIO G SUPERIOR,2007,1514.0,AUTOMATIC,PETROL,198000.0,KILINOCHCHI,2025-01-23,USED,97.5,95.33125,95.0,95.9,2.2749623024978725,above_expected_range,above_expected_range; deviation_from_group_median=2.3%,9,medium,2,True,medium
listing_08725,587,TOYOTA,PREMIO G SUPERIOR,2007,1790.0,AUTOMATIC,PETROL,198000.0,KANDY,2024-12-23,USED,97.5,95.33125,95.0,95.9,2.2749623024978725,above_expected_range,above_expected_range; deviation_from_group_median=2.3%,9,medium,2,True,medium
listing_05144,588,SUZUKI,MARUTI,2006,800.0,MANUAL,PETROL,209000.0,EMBILIPITIYA,2025-01-28,USED,17.25,16.87,16.75,16.87,2.252519264967392,above_expected_range,above_expected_range; deviation_from_group_median=2.3%,47,high,3,True,medium
listing_05197,589,SUZUKI,MARUTI,2006,800.0,MANUAL,PETROL,209000.0,KULIYAPITIYA,2024-12-27,USED,17.25,16.87,16.75,16.87,2.252519264967392,above_expected_range,above_expected_range; deviation_from_group_median=2.3%,47,high,3,True,medium
listing_05193,590,SUZUKI,MARUTI,2006,800.0,MANUAL,PETROL,209000.0,KULIYAPITIYA,2024-12-29,USED,17.25,16.87,16.75,16.87,2.252519264967392,above_expected_range,above_expected_range; deviation_from_group_median=2.3%,47,high,3,True,medium
listing_06094,591,SUZUKI,WAGON R FZ SAFETY,2018,660.0,AUTOMATIC,HYBRID,77000.0,KELANIYA,2025-02-04,USED,64.9,66.38,66.285,66.5,-2.229587225067776,below_expected_range,below_expected_range; deviation_from_group_median=-2.2%,8,medium,1,False,medium
listing_05248,592,SUZUKI,MARUTI,2006,800.0,MANUAL,PETROL,209000.0,GALLE,2024-12-05,USED,16.5,16.87,16.75,16.87,-2.1932424422051033,below_expected_range,below_expected_range; deviation_from_group_median=-2.2%,47,high,4,True,medium
listing_05113,593,SUZUKI,MARUTI,2006,800.0,MANUAL,PETROL,209000.0,ANURADAPURA,2025-01-13,USED,16.5,16.87,16.75,16.87,-2.1932424422051033,below_expected_range,below_expected_range; deviation_from_group_median=-2.2%,47,high,4,True,medium
listing_05226,594,SUZUKI,MARUTI,2006,800.0,MANUAL,PETROL,209000.0,HOMAGAMA,2024-12-18,USED,16.5,16.87,16.75,16.87,-2.1932424422051033,below_expected_range,below_expected_range; deviation_from_group_median=-2.2%,47,high,4,True,medium
listing_05181,595,SUZUKI,MARUTI,2006,800.0,MANUAL,PETROL,209000.0,BANDARAWELA,2025-01-03,USED,16.5,16.87,16.75,16.87,-2.1932424422051033,below_expected_range,below_expected_range; deviation_from_group_median=-2.2%,47,high,4,True,medium
listing_04680,596,SUZUKI,ALTO JAPAN,2017,746.0,AUTOMATIC,PETROL,88000.0,KURUNEGALA,2024-12-09,USED,54.75,53.575,53.575,53.575,2.193187120858604,above_expected_range,above_expected_range; deviation_from_group_median=2.2%,27,high,1,False,medium
listing_07312,597,TOYOTA,AXIO,2014,1500.0,AUTOMATIC,PETROL,121000.0,KANDY,2025-01-25,USED,95.0,97.125,96.5,97.125,-2.187902187902188,below_expected_range,below_expected_range; deviation_from_group_median=-2.2%,15,high,2,True,medium
listing_07358,598,TOYOTA,AXIO,2014,1500.0,AUTOMATIC,PETROL,121000.0,COLOMBO,2024-12-21,USED,95.0,97.125,96.5,97.125,-2.187902187902188,below_expected_range,below_expected_range; deviation_from_group_median=-2.2%,15,high,2,True,medium
listing_04632,599,SUZUKI,ALTO JAPAN,2018,660.0,AUTOMATIC,HYBRID,77000.0,NUGEGODA,2025-01-12,USED,51.9,53.05625,52.724999999999994,53.1671875,-2.1792908469784424,below_expected_range,below_expected_range; deviation_from_group_median=-2.2%,12,high,1,False,medium
listing_06455,600,SUZUKI,WAGON R STINGRAY J STYLE,2015,650.0,AUTOMATIC,PETROL,110000.0,PUTTALAM,2024-12-23,USED,56.0,57.24545454545454,57.122727272727275,57.375,-2.1756391932666297,below_expected_range,below_expected_range; deviation_from_group_median=-2.2%,19,high,1,False,medium
listing_04661,601,SUZUKI,ALTO JAPAN,2003,650.0,AUTOMATIC,PETROL,242000.0,KANDY,2024-12-28,USED,31.5,32.2,31.9625,32.25,-2.1739130434782696,below_expected_range,below_expected_range; deviation_from_group_median=-2.2%,22,high,1,False,medium
listing_04593,602,SUZUKI,ALTO JAPAN,2003,650.0,AUTOMATIC,PETROL,242000.0,KADUWELA,2025-02-03,USED,32.9,32.2,31.9625,32.25,2.173913043478247,above_expected_range,above_expected_range; deviation_from_group_median=2.2%,22,high,1,False,medium
listing_09696,603,TOYOTA,YARIS,2008,1300.0,AUTOMATIC,PETROL,187000.0,BANDARAGAMA,2024-12-23,USED,66.75,65.35416666666667,65.0,65.5,2.13579853363085,above_expected_range,above_expected_range; deviation_from_group_median=2.1%,19,high,1,False,medium
listing_06454,604,SUZUKI,WAGON R STINGRAY J STYLE,2014,650.0,AUTOMATIC,PETROL,121000.0,TANGALLE,2024-12-26,USED,57.9,56.69444444444444,56.5,56.923611111111114,2.12640862322391,above_expected_range,above_expected_range; deviation_from_group_median=2.1%,14,high,2,True,medium
listing_06461,605,SUZUKI,WAGON R STINGRAY J STYLE,2014,660.0,AUTOMATIC,HYBRID,121000.0,MATUGAMA,2024-12-15,USED,57.9,56.69444444444444,56.5,56.923611111111114,2.12640862322391,above_expected_range,above_expected_range; deviation_from_group_median=2.1%,14,high,2,True,medium
listing_05988,606,SUZUKI,WAGON R FZ,2015,660.0,AUTOMATIC,PETROL,110000.0,GALLE,2025-02-04,USED,54.25,55.41666666666667,55.41666666666667,55.5,-2.105263157894745,below_expected_range,below_expected_range; deviation_from_group_median=-2.1%,5,medium,1,False,medium
listing_07318,607,TOYOTA,AXIO,2015,1000.0,AUTOMATIC,PETROL,110000.0,WELISARA,2025-01-20,USED,115.0,112.63636363636364,112.63636363636364,112.63636363636364,2.098466505246163,above_expected_range,above_expected_range; deviation_from_group_median=2.1%,35,high,3,True,medium
listing_07380,608,TOYOTA,AXIO,2015,1300.0,AUTOMATIC,PETROL,110000.0,KANDY,2024-12-07,USED,115.0,112.63636363636364,112.63636363636364,112.63636363636364,2.098466505246163,above_expected_range,above_expected_range; deviation_from_group_median=2.1%,35,high,3,True,medium
listing_07261,609,TOYOTA,AXIO,2015,1500.0,AUTOMATIC,HYBRID,110000.0,ANURADAPURA,2025-02-03,USED,115.0,112.63636363636364,112.63636363636364,112.63636363636364,2.098466505246163,above_expected_range,above_expected_range; deviation_from_group_median=2.1%,35,high,3,True,medium
listing_08839,610,TOYOTA,PRIUS,2010,1716.0,AUTOMATIC,HYBRID,165000.0,DAMBULLA,2024-12-07,USED,87.0,85.25,85.25,85.25,2.0527859237536656,above_expected_range,above_expected_range; deviation_from_group_median=2.1%,11,high,2,True,medium
listing_08753,611,TOYOTA,PRIUS,2010,1790.0,AUTOMATIC,HYBRID,165000.0,COLOMBO,2025-02-02,USED,87.0,85.25,85.25,85.25,2.0527859237536656,above_expected_range,above_expected_range; deviation_from_group_median=2.1%,11,high,2,True,medium
listing_06463,612,SUZUKI,WAGON R STINGRAY J STYLE,2015,650.0,AUTOMATIC,PETROL,110000.0,NEGOMBO,2024-12-07,USED,58.395833333333336,57.24545454545454,57.122727272727275,57.375,2.0095548144619224,above_expected_range,above_expected_range; deviation_from_group_median=2.0%,19,high,2,True,medium
listing_06459,613,SUZUKI,WAGON R STINGRAY J STYLE,2015,660.0,AUTOMATIC,HYBRID,110000.0,AMPARA,2024-12-17,USED,58.395833333333336,57.24545454545454,57.122727272727275,57.375,2.0095548144619224,above_expected_range,above_expected_range; deviation_from_group_median=2.0%,19,high,2,True,medium
listing_04656,614,SUZUKI,ALTO JAPAN,2018,660.0,AUTOMATIC,HYBRID,77000.0,NUGEGODA,2025-01-04,USED,52.0,53.05625,52.724999999999994,53.1671875,-1.9908116385911152,below_expected_range,below_expected_range; deviation_from_group_median=-2.0%,12,high,1,False,medium
listing_04670,615,SUZUKI,ALTO JAPAN,2016,660.0,AUTOMATIC,PETROL,99000.0,NEGOMBO,2024-12-21,USED,51.5,52.54166666666667,52.54166666666667,52.54166666666667,-1.9825535289452905,below_expected_range,below_expected_range; deviation_from_group_median=-2.0%,17,high,1,False,medium
listing_08728,616,TOYOTA,PREMIO G SUPERIOR,2017,1500.0,AUTOMATIC,PETROL,88000.0,NAWALA,2024-12-21,USED,170.0,166.71428571428572,166.71428571428572,167.30357142857144,1.9708654670094208,above_expected_range,above_expected_range; deviation_from_group_median=2.0%,14,high,1,False,medium
listing_06020,617,SUZUKI,WAGON R FZ,2015,650.0,AUTOMATIC,HYBRID,110000.0,GALLE,2025-01-29,USED,56.5,55.41666666666667,55.41666666666667,55.5,1.954887218045104,above_expected_range,above_expected_range; deviation_from_group_median=2.0%,5,medium,1,False,medium
listing_09668,618,TOYOTA,YARIS,2011,1300.0,AUTOMATIC,PETROL,154000.0,KOTTAWA,2025-01-15,USED,71.5,72.92500000000001,72.92500000000001,72.92500000000001,-1.954062392869402,below_expected_range,below_expected_range; deviation_from_group_median=-2.0%,5,medium,1,False,medium
listing_01866,619,MICRO,PANDA,2016,1000.0,MANUAL,PETROL,99000.0,ANURADAPURA,2025-02-04,USED,27.0,27.53636363636364,27.35,27.56818181818182,-1.9478375701551751,below_expected_range,below_expected_range; deviation_from_group_median=-1.9%,15,high,1,False,medium
listing_01235,620,HYUNDAI,EON MAGNA PLUS,2015,814.0,MANUAL,PETROL,110000.0,GAMPAHA,2025-01-14,USED,36.7,36.0,35.9,36.1,1.9444444444444524,above_expected_range,above_expected_range; deviation_from_group_median=1.9%,5,medium,1,False,medium
listing_04583,621,SUZUKI,ALTO JAPAN,2015,650.0,AUTOMATIC,PETROL,110000.0,MALABE,2025-02-04,USED,50.5,51.5,51.5,51.5,-1.9417475728155336,below_expected_range,below_expected_range; deviation_from_group_median=-1.9%,6,medium,1,False,medium
listing_04617,622,SUZUKI,ALTO JAPAN,2015,650.0,AUTOMATIC,PETROL,110000.0,RATNAPURA,2025-01-29,USED,52.5,51.5,51.5,51.5,1.9417475728155336,above_expected_range,above_expected_range; deviation_from_group_median=1.9%,6,medium,1,False,medium
listing_07345,623,TOYOTA,AXIO,2014,1490.0,AUTOMATIC,HYBRID,121000.0,NEGOMBO,2024-12-26,USED,99.0,97.125,96.5,97.125,1.9305019305019304,above_expected_range,above_expected_range; deviation_from_group_median=1.9%,15,high,1,False,medium
listing_04223,624,SUZUKI,ALTO,2016,800.0,MANUAL,PETROL,99000.0,MORATUWA,2025-01-13,USED,33.75,34.41428571428572,34.41428571428572,34.575,-1.930261519302626,below_expected_range,below_expected_range; deviation_from_group_median=-1.9%,26,high,4,True,medium
listing_04099,625,SUZUKI,ALTO,2016,800.0,MANUAL,PETROL,99000.0,RATNAPURA,2025-02-05,USED,33.75,34.41428571428572,34.41428571428572,34.575,-1.930261519302626,below_expected_range,below_expected_range; deviation_from_group_median=-1.9%,26,high,4,True,medium
listing_04189,626,SUZUKI,ALTO,2016,800.0,MANUAL,PETROL,99000.0,MATARA,2025-01-29,USED,33.75,34.41428571428572,34.41428571428572,34.575,-1.930261519302626,below_expected_range,below_expected_range; deviation_from_group_median=-1.9%,26,high,4,True,medium
listing_04438,627,SUZUKI,ALTO,2016,800.0,MANUAL,PETROL,99000.0,MORATUWA,2024-12-13,USED,33.75,34.41428571428572,34.41428571428572,34.575,-1.930261519302626,below_expected_range,below_expected_range; deviation_from_group_median=-1.9%,26,high,4,True,medium
listing_07467,628,TOYOTA,AXIO WXB,2017,1500.0,AUTOMATIC,HYBRID,88000.0,GAMPAHA,2025-02-02,USED,136.0,138.66333333333333,138.0,139.0,-1.920719248058843,below_expected_range,below_expected_range; deviation_from_group_median=-1.9%,21,high,1,False,medium
listing_05769,629,SUZUKI,WAGON R,2018,990.0,AUTOMATIC,PETROL,77000.0,JA-ELA,2025-01-16,USED,68.25,69.56041666666667,69.5,69.56041666666667,-1.883853963880323,below_expected_range,below_expected_range; deviation_from_group_median=-1.9%,47,high,1,False,medium
listing_04575,630,SUZUKI,ALTO JAPAN,2003,650.0,AUTOMATIC,PETROL,242000.0,NITTAMBUWA,2025-02-05,USED,32.8,32.2,31.9625,32.25,1.8633540372670632,above_expected_range,above_expected_range; deviation_from_group_median=1.9%,22,high,1,False,medium
listing_06456,631,SUZUKI,WAGON R STINGRAY J STYLE,2014,660.0,AUTOMATIC,HYBRID,121000.0,MATUGAMA,2024-12-22,USED,57.75,56.69444444444444,56.5,56.923611111111114,1.8618324350808455,above_expected_range,above_expected_range; deviation_from_group_median=1.9%,14,high,1,False,medium
listing_06124,632,SUZUKI,WAGON R FZ SAFETY,2016,660.0,AUTOMATIC,HYBRID,99000.0,VAVUNIYA,2024-12-20,USED,57.95,56.9,56.7875,56.975,1.845342706502644,above_expected_range,above_expected_range; deviation_from_group_median=1.8%,6,medium,1,False,medium
listing_09031,633,TOYOTA,TANK,2017,998.0,AUTOMATIC,PETROL,88000.0,KANDY,2025-01-02,USED,91.11249999999998,89.5,89.5,90.0,1.8016759776536124,above_expected_range,above_expected_range; deviation_from_group_median=1.8%,5,medium,1,False,medium
listing_06435,634,SUZUKI,WAGON R STINGRAY J STYLE,2014,660.0,AUTOMATIC,PETROL,121000.0,MATARA,2025-02-04,USED,55.67361111111111,56.69444444444444,56.5,56.923611111111114,-1.8005879470847663,below_expected_range,below_expected_range; deviation_from_group_median=-1.8%,14,high,1,False,medium
listing_08752,635,TOYOTA,PRIUS,2009,1800.0,AUTOMATIC,HYBRID,176000.0,CHILAW,2025-02-03,USED,82.0,83.5,83.5,83.5,-1.7964071856287425,below_expected_range,below_expected_range; deviation_from_group_median=-1.8%,5,medium,1,False,medium
listing_08767,636,TOYOTA,PRIUS,2009,1716.0,AUTOMATIC,HYBRID,176000.0,KURUNEGALA,2025-01-17,USED,85.0,83.5,83.5,83.5,1.7964071856287425,above_expected_range,above_expected_range; deviation_from_group_median=1.8%,5,medium,1,False,medium
listing_06464,637,SUZUKI,WAGON R STINGRAY J STYLE,2015,660.0,AUTOMATIC,HYBRID,110000.0,WARAKAPOLA,2024-12-04,USED,58.25,57.24545454545454,57.122727272727275,57.375,1.7548038748610502,above_expected_range,above_expected_range; deviation_from_group_median=1.8%,19,high,1,False,medium
listing_06465,638,SUZUKI,WAGON R STINGRAY J STYLE,2014,650.0,AUTOMATIC,PETROL,121000.0,GAMPAHA,2024-12-04,USED,55.7,56.69444444444444,56.5,56.923611111111114,-1.7540421362077334,below_expected_range,below_expected_range; deviation_from_group_median=-1.8%,14,high,1,False,medium
listing_09683,639,TOYOTA,YARIS,2008,1300.0,AUTOMATIC,PETROL,187000.0,TANGALLE,2025-01-21,USED,66.5,65.35416666666667,65.0,65.5,1.7532674529805472,above_expected_range,above_expected_range; deviation_from_group_median=1.8%,19,high,1,False,medium
listing_04576,640,SUZUKI,ALTO JAPAN,2003,650.0,AUTOMATIC,PETROL,242000.0,KANDY,2025-02-05,USED,32.75,32.2,31.9625,32.25,1.7080745341614818,above_expected_range,above_expected_range; deviation_from_group_median=1.7%,22,high,3,True,medium
listing_04629,641,SUZUKI,ALTO JAPAN,2003,650.0,AUTOMATIC,PETROL,242000.0,KURUNEGALA,2025-01-13,USED,32.75,32.2,31.9625,32.25,1.7080745341614818,above_expected_range,above_expected_range; deviation_from_group_median=1.7%,22,high,3,True,medium
listing_04682,642,SUZUKI,ALTO JAPAN,2003,660.0,AUTOMATIC,PETROL,242000.0,KADAWATHA,2024-12-07,USED,32.75,32.2,31.9625,32.25,1.7080745341614818,above_expected_range,above_expected_range; deviation_from_group_median=1.7%,22,high,3,True,medium
listing_04430,643,SUZUKI,ALTO,2016,800.0,MANUAL,PETROL,99000.0,DIVULAPITIYA,2024-12-14,USED,35.0,34.41428571428572,34.41428571428572,34.575,1.701951017019499,above_expected_range,above_expected_range; deviation_from_group_median=1.7%,26,high,1,False,medium
listing_07450,644,TOYOTA,AXIO G GRADE,2007,1500.0,AUTOMATIC,PETROL,198000.0,KEGALLE,2024-12-26,USED,75.9,74.63333333333333,74.5,74.63333333333333,1.6971862438588836,above_expected_range,above_expected_range; deviation_from_group_median=1.7%,9,medium,2,True,medium
listing_07416,645,TOYOTA,AXIO G GRADE,2007,1500.0,AUTOMATIC,PETROL,198000.0,KALUTARA,2025-02-05,USED,75.9,74.63333333333333,74.5,74.63333333333333,1.6971862438588836,above_expected_range,above_expected_range; deviation_from_group_median=1.7%,9,medium,2,True,medium
listing_07304,646,TOYOTA,AXIO,2016,1499.0,AUTOMATIC,HYBRID,99000.0,KOTTAWA,2025-01-28,USED,122.0,120.0,120.0,120.0,1.6666666666666667,above_expected_range,above_expected_range; deviation_from_group_median=1.7%,9,medium,1,False,medium
listing_07246,647,TOYOTA,AXIO,2016,1500.0,AUTOMATIC,HYBRID,99000.0,KULIYAPITIYA,2025-02-04,USED,118.0,120.0,120.0,120.0,-1.6666666666666667,below_expected_range,below_expected_range; deviation_from_group_median=-1.7%,9,medium,1,False,medium
listing_04683,648,SUZUKI,ALTO JAPAN,2004,650.0,AUTOMATIC,PETROL,231000.0,GALLE,2024-12-06,USED,33.5,32.97222222222222,32.6875,32.979166666666664,1.600673967986523,above_expected_range,above_expected_range; deviation_from_group_median=1.6%,16,high,2,True,medium
listing_04647,649,SUZUKI,ALTO JAPAN,2004,600.0,AUTOMATIC,PETROL,231000.0,KURUNEGALA,2025-01-24,USED,33.5,32.97222222222222,32.6875,32.979166666666664,1.600673967986523,above_expected_range,above_expected_range; deviation_from_group_median=1.6%,16,high,2,True,medium
listing_04684,650,SUZUKI,ALTO JAPAN,2018,650.0,AUTOMATIC,PETROL,77000.0,KADAWATHA,2024-12-05,USED,53.9,53.05625,52.724999999999994,53.1671875,1.5902933207680527,above_expected_range,above_expected_range; deviation_from_group_median=1.6%,12,high,1,False,medium
listing_04131,651,SUZUKI,ALTO,2016,800.0,MANUAL,PETROL,99000.0,EMBILIPITIYA,2025-02-04,USED,34.95,34.41428571428572,34.41428571428572,34.575,1.556662515566622,above_expected_range,above_expected_range; deviation_from_group_median=1.6%,26,high,1,False,medium
listing_08770,652,TOYOTA,PRIUS,2013,1800.0,AUTOMATIC,HYBRID,132000.0,MIRIGAMA,2025-01-15,USED,107.5,105.85714285714285,105.85714285714285,105.85714285714285,1.5519568151147196,above_expected_range,above_expected_range; deviation_from_group_median=1.6%,17,high,1,False,medium
listing_04479,653,SUZUKI,ALTO,2007,800.0,MANUAL,PETROL,198000.0,GAMPAHA,2024-12-04,USED,23.65,24.0195,23.9,24.0195,-1.5383334374154425,below_expected_range,below_expected_range; deviation_from_group_median=-1.5%,19,high,1,False,medium
listing_05111,654,SUZUKI,MARUTI,2012,800.0,MANUAL,PETROL,143000.0,HORANA,2025-01-14,USED,20.65,20.97,20.95,20.97,-1.5259895088221282,below_expected_range,below_expected_range; deviation_from_group_median=-1.5%,9,medium,1,False,medium
listing_05757,655,SUZUKI,WAGON R,2018,650.0,AUTOMATIC,PETROL,77000.0,GAMPAHA,2025-01-29,USED,68.5,69.56041666666667,69.5,69.56041666666667,-1.5244541615502138,below_expected_range,below_expected_range; deviation_from_group_median=-1.5%,47,high,2,True,medium
listing_05803,656,SUZUKI,WAGON R,2018,600.0,AUTOMATIC,HYBRID,77000.0,DANKOTUWA,2025-01-25,USED,68.5,69.56041666666667,69.5,69.56041666666667,-1.5244541615502138,below_expected_range,below_expected_range; deviation_from_group_median=-1.5%,47,high,2,True,medium
listing_00601,657,HONDA,FIT ARIA,2007,1490.0,AUTOMATIC,PETROL,198000.0,HOMAGAMA,2025-02-04,USED,50.0,49.25,49.25,49.25,1.5228426395939088,above_expected_range,above_expected_range; deviation_from_group_median=1.5%,5,medium,1,False,medium
listing_00606,658,HONDA,FIT ARIA,2007,1500.0,AUTOMATIC,PETROL,198000.0,MATARA,2025-01-20,USED,48.5,49.25,49.25,49.25,-1.5228426395939088,below_expected_range,below_expected_range; deviation_from_group_median=-1.5%,5,medium,1,False,medium
listing_07451,659,TOYOTA,AXIO G GRADE,2007,1500.0,AUTOMATIC,PETROL,198000.0,KADUWELA,2024-12-22,USED,73.5,74.63333333333333,74.5,74.63333333333333,-1.5185350602947645,below_expected_range,below_expected_range; deviation_from_group_median=-1.5%,9,medium,2,True,medium
listing_07420,660,TOYOTA,AXIO G GRADE,2007,1500.0,AUTOMATIC,PETROL,198000.0,BATTARAMULLA,2025-02-05,USED,73.5,74.63333333333333,74.5,74.63333333333333,-1.5185350602947645,below_expected_range,below_expected_range; deviation_from_group_median=-1.5%,9,medium,2,True,medium
listing_04666,661,SUZUKI,ALTO JAPAN,2016,660.0,AUTOMATIC,HYBRID,99000.0,NUGEGODA,2024-12-25,USED,51.75,52.54166666666667,52.54166666666667,52.54166666666667,-1.5067406819984228,below_expected_range,below_expected_range; deviation_from_group_median=-1.5%,17,high,1,False,medium
listing_01558,662,MAZDA,FAMILIA,2001,1400.0,AUTOMATIC,PETROL,264000.0,MARAWILA,2025-02-01,USED,30.0,30.45,30.45,30.45,-1.477832512315269,below_expected_range,below_expected_range; deviation_from_group_median=-1.5%,6,medium,1,False,medium
listing_01560,663,MAZDA,FAMILIA,2001,1500.0,AUTOMATIC,PETROL,264000.0,KEGALLE,2025-01-31,USED,30.9,30.45,30.45,30.45,1.477832512315269,above_expected_range,above_expected_range; deviation_from_group_median=1.5%,6,medium,1,False,medium
listing_04231,664,SUZUKI,ALTO,2009,800.0,MANUAL,PETROL,176000.0,KANDY,2025-01-11,USED,25.5,25.15,25.15,25.15,1.3916500994035843,above_expected_range,above_expected_range; deviation_from_group_median=1.4%,5,medium,1,False,medium
listing_04175,665,SUZUKI,ALTO,2009,800.0,MANUAL,PETROL,176000.0,MIRIGAMA,2025-01-31,USED,24.8,25.15,25.15,25.15,-1.39165009940357,below_expected_range,below_expected_range; deviation_from_group_median=-1.4%,5,medium,1,False,medium
listing_08695,666,TOYOTA,PREMIO G SUPERIOR,2017,1514.0,AUTOMATIC,PETROL,88000.0,HANWELLA,2025-01-28,USED,169.0,166.71428571428572,166.71428571428572,167.30357142857144,1.3710368466152478,above_expected_range,above_expected_range; deviation_from_group_median=1.4%,14,high,1,False,medium
listing_04604,667,SUZUKI,ALTO JAPAN,2016,650.0,AUTOMATIC,PETROL,99000.0,NUGEGODA,2025-02-01,USED,53.25,52.54166666666667,52.54166666666667,52.54166666666667,1.3481363996827822,above_expected_range,above_expected_range; deviation_from_group_median=1.3%,17,high,1,False,medium
listing_06444,668,SUZUKI,WAGON R STINGRAY J STYLE,2015,660.0,AUTOMATIC,HYBRID,110000.0,KIRIBATHGODA,2025-01-13,USED,58.0,57.24545454545454,57.122727272727275,57.375,1.318087978402419,above_expected_range,above_expected_range; deviation_from_group_median=1.3%,19,high,1,False,medium
listing_08821,669,TOYOTA,PRIUS,2013,1800.0,AUTOMATIC,HYBRID,132000.0,KADAWATHA,2024-12-21,USED,104.5,105.85714285714285,105.85714285714285,105.85714285714285,-1.2820512820512726,below_expected_range,below_expected_range; deviation_from_group_median=-1.3%,17,high,1,False,medium
listing_08790,670,TOYOTA,PRIUS,2011,1800.0,AUTOMATIC,HYBRID,154000.0,GALLE,2025-01-28,USED,92.0,90.95,90.95,90.95,1.1544804837822948,above_expected_range,above_expected_range; deviation_from_group_median=1.2%,17,high,1,False,medium
listing_06491,671,SUZUKI,ZEN,2006,1000.0,MANUAL,PETROL,209000.0,KOTTAWA,2025-01-04,USED,22.0,21.75,21.75,21.75,1.1494252873563218,above_expected_range,above_expected_range; deviation_from_group_median=1.1%,5,medium,1,False,medium
listing_06485,672,SUZUKI,ZEN,2006,993.0,MANUAL,PETROL,209000.0,NUGEGODA,2025-02-05,USED,21.5,21.75,21.75,21.75,-1.1494252873563218,below_expected_range,below_expected_range; deviation_from_group_median=-1.1%,5,medium,1,False,medium
listing_08693,673,TOYOTA,PREMIO G SUPERIOR,2017,1500.0,AUTOMATIC,PETROL,88000.0,KURUNEGALA,2025-01-28,USED,168.5,166.71428571428572,166.71428571428572,167.30357142857144,1.0711225364181614,above_expected_range,above_expected_range; deviation_from_group_median=1.1%,14,high,1,False,medium
listing_05032,674,SUZUKI,MARUTI,2012,800.0,MANUAL,PETROL,143000.0,HOMAGAMA,2025-02-05,USED,20.75,20.97,20.95,20.97,-1.0491177873152069,below_expected_range,below_expected_range; deviation_from_group_median=-1.0%,9,medium,1,False,medium
listing_04601,675,SUZUKI,ALTO JAPAN,2016,660.0,AUTOMATIC,HYBRID,99000.0,NUGEGODA,2025-02-01,USED,52.0,52.54166666666667,52.54166666666667,52.54166666666667,-1.0309278350515554,below_expected_range,below_expected_range; deviation_from_group_median=-1.0%,17,high,1,False,medium
listing_08717,676,TOYOTA,PREMIO G SUPERIOR,2017,1500.0,AUTOMATIC,PETROL,88000.0,KULIYAPITIYA,2025-01-03,USED,165.0,166.71428571428572,166.71428571428572,167.30357142857144,-1.0282776349614444,below_expected_range,below_expected_range; deviation_from_group_median=-1.0%,14,high,2,True,medium
listing_08645,677,TOYOTA,PREMIO G SUPERIOR,2017,1500.0,AUTOMATIC,PETROL,88000.0,KURUNEGALA,2025-02-04,USED,165.0,166.71428571428572,166.71428571428572,167.30357142857144,-1.0282776349614444,below_expected_range,below_expected_range; deviation_from_group_median=-1.0%,14,high,2,True,medium
listing_08748,678,TOYOTA,PRIUS,2010,1790.0,AUTOMATIC,PETROL,165000.0,KALUTARA,2025-02-04,USED,84.5,85.25,85.25,85.25,-0.8797653958944283,below_expected_range,below_expected_range; deviation_from_group_median=-0.9%,11,high,1,False,medium
listing_08834,679,TOYOTA,PRIUS,2013,1500.0,AUTOMATIC,PETROL,132000.0,BANDARAGAMA,2024-12-11,USED,105.0,105.85714285714285,105.85714285714285,105.85714285714285,-0.8097165991902738,below_expected_range,below_expected_range; deviation_from_group_median=-0.8%,17,high,2,True,medium
listing_08773,680,TOYOTA,PRIUS,2013,1800.0,AUTOMATIC,HYBRID,132000.0,KALUTARA,2025-01-13,USED,105.0,105.85714285714285,105.85714285714285,105.85714285714285,-0.8097165991902738,below_expected_range,below_expected_range; deviation_from_group_median=-0.8%,17,high,2,True,medium
listing_05876,681,SUZUKI,WAGON R,2018,660.0,AUTOMATIC,HYBRID,77000.0,NEGOMBO,2024-12-18,USED,69.0,69.56041666666667,69.5,69.56041666666667,-0.8056545568899963,below_expected_range,below_expected_range; deviation_from_group_median=-0.8%,47,high,1,False,medium
listing_07359,682,TOYOTA,AXIO,2015,1490.0,AUTOMATIC,HYBRID,110000.0,DAMBULLA,2024-12-21,USED,113.5,112.63636363636364,112.63636363636364,112.63636363636364,0.766747376916865,above_expected_range,above_expected_range; deviation_from_group_median=0.8%,35,high,1,False,medium
listing_07606,683,TOYOTA,CAMRY,2004,2360.0,AUTOMATIC,PETROL,231000.0,POLONNARUWA,2024-12-23,USED,55.4,55.0,54.75,55.0,0.7272727272727246,above_expected_range,above_expected_range; deviation_from_group_median=0.7%,5,medium,1,False,medium
listing_06118,684,SUZUKI,WAGON R FZ SAFETY,2016,650.0,AUTOMATIC,PETROL,99000.0,KESBEWA,2025-01-21,USED,56.5,56.9,56.7875,56.975,-0.7029876977152875,below_expected_range,below_expected_range; deviation_from_group_median=-0.7%,6,medium,1,False,medium
listing_07299,685,TOYOTA,AXIO,2015,1500.0,AUTOMATIC,HYBRID,110000.0,ANURADAPURA,2025-01-09,USED,112.0,112.63636363636364,112.63636363636364,112.63636363636364,-0.5649717514124327,below_expected_range,below_expected_range; deviation_from_group_median=-0.6%,35,high,2,True,medium
listing_07370,686,TOYOTA,AXIO,2015,1500.0,AUTOMATIC,PETROL,110000.0,COLOMBO,2024-12-10,USED,112.0,112.63636363636364,112.63636363636364,112.63636363636364,-0.5649717514124327,below_expected_range,below_expected_range; deviation_from_group_median=-0.6%,35,high,2,True,medium
listing_05767,687,SUZUKI,WAGON R,2018,650.0,AUTOMATIC,HYBRID,77000.0,HOMAGAMA,2025-01-18,USED,69.95,69.56041666666667,69.5,69.56041666666667,0.5600646919644208,above_expected_range,above_expected_range; deviation_from_group_median=0.6%,47,high,1,False,medium
listing_04649,688,SUZUKI,ALTO JAPAN,2016,600.0,AUTOMATIC,PETROL,99000.0,GALLE,2025-01-21,USED,52.25,52.54166666666667,52.54166666666667,52.54166666666667,-0.5551149881046877,below_expected_range,below_expected_range; deviation_from_group_median=-0.6%,17,high,1,False,medium
listing_07167,689,TOYOTA,AQUA S GRADE,2015,1490.0,AUTOMATIC,HYBRID,110000.0,KULIYAPITIYA,2024-12-27,USED,86.0,86.33333333333334,86.33333333333334,86.45833333333334,-0.386100386100397,below_expected_range,below_expected_range; deviation_from_group_median=-0.4%,6,medium,1,False,medium
listing_04574,690,SUZUKI,ALTO JAPAN,2017,650.0,AUTOMATIC,PETROL,88000.0,COLOMBO,2025-02-05,USED,53.75,53.575,53.575,53.575,0.3266448903406386,above_expected_range,above_expected_range; deviation_from_group_median=0.3%,27,high,1,False,medium
listing_05812,691,SUZUKI,WAGON R,2018,650.0,AUTOMATIC,PETROL,77000.0,MATALE,2025-01-21,USED,69.75,69.56041666666667,69.5,69.56041666666667,0.2725448501003297,above_expected_range,above_expected_range; deviation_from_group_median=0.3%,47,high,2,True,medium
listing_05713,692,SUZUKI,WAGON R,2018,658.0,AUTOMATIC,PETROL,77000.0,COLOMBO,2025-02-05,USED,69.75,69.56041666666667,69.5,69.56041666666667,0.2725448501003297,above_expected_range,above_expected_range; deviation_from_group_median=0.3%,47,high,2,True,medium
listing_04128,693,SUZUKI,ALTO,2017,800.0,MANUAL,PETROL,88000.0,MALABE,2025-02-04,USED,35.9,35.95,35.95,35.95,-0.1390820584144763,below_expected_range,below_expected_range; deviation_from_group_median=-0.1%,6,medium,1,False,medium
listing_04452,694,SUZUKI,ALTO,2017,800.0,MANUAL,PETROL,88000.0,COLOMBO,2024-12-09,USED,36.0,35.95,35.95,35.95,0.1390820584144566,above_expected_range,above_expected_range; deviation_from_group_median=0.1%,6,medium,1,False,medium
listing_05642,695,SUZUKI,SWIFT CENTER ANTENNA,2003,1300.0,AUTOMATIC,PETROL,242000.0,EMBILIPITIYA,2024-12-19,USED,40.75,40.725,40.725,40.725,0.0613873542050302,above_expected_range,above_expected_range; deviation_from_group_median=0.1%,5,medium,1,False,medium
listing_05640,696,SUZUKI,SWIFT CENTER ANTENNA,2003,1300.0,AUTOMATIC,PETROL,242000.0,EMBILIPITIYA,2024-12-21,USED,40.7,40.725,40.725,40.725,-0.0613873542050302,below_expected_range,below_expected_range; deviation_from_group_median=-0.1%,5,medium,1,False,medium
listing_00908,697,HONDA,FIT SHUTTLE,2012,1300.0,AUTOMATIC,HYBRID,143000.0,NEGOMBO,2024-12-19,USED,84.95,84.98333333333333,84.98333333333333,84.99583333333334,-0.0392233771327689,below_expected_range,below_expected_range; deviation_from_group_median=-0.0%,6,medium,1,False,medium
